5ab3130ac1cb61378a86c42d,5ab991fcc1cb6113550316ca,30860.0
5ab3130ac1cb61378a86c42d,5ab5850ac1cb617b04d571ce,63313.0
5ab3130ac1cb61378a86c42d,5ab0ac875e27e527018c5966,29413.0
5ab3130ac1cb61378a86c42d,5ab122175e27e5186df14e20,59126.0
5ab3130ac1cb61378a86c42d,5ab4b3e5c1cb617b04d569d6,54498.0
5ab3130ac1cb61378a86c42d,5ab9488fc1cb61135503128d,54194.0
5ab3130ac1cb61378a86c42d,5ab245e85e27e5186df19c0a,51656.0
5ab3130ac1cb61378a86c42d,5ab1d893c1cb61657456e2d7,9457.0
5ab3130ac1cb61378a86c42d,5ab6be92c1cb6105684ae48e,52772.0
5ab3130ac1cb61378a86c42d,5ab1dd6fc1cb61657456e363,13512.0
5ab3130ac1cb61378a86c42d,5ab306ae5e27e565e8463506,29581.0
5ab3130ac1cb61378a86c42d,5ab2fc48c1cb61378a86bbab,19007.0
5ab3130ac1cb61378a86c42d,5aaf9e12c1cb611ae59db91c,61524.0
5ab3130ac1cb61378a86c42d,5ae289f05e27e5652dcc9a8b,50433.0
5ab3130ac1cb61378a86c42d,5ab207925e27e5186df18582,50272.0
5ab3130ac1cb61378a86c42d,5ab2637a5e27e565e8462e3c,58835.0
5ab3130ac1cb61378a86c42d,5ab24a485e27e5186df19c82,61367.0
5ab3130ac1cb61378a86c42d,5ab35e96c1cb61378a86dc86,57900.0
5ab3130ac1cb61378a86c42d,5abab3385e27e54c98ae6373,54218.0
5ab3130ac1cb61378a86c42d,5ab353c65e27e565e8464e50,34239.0
5ab3130ac1cb61378a86c42d,5ab3198bc1cb61378a86c5f2,10781.0
5ab3130ac1cb61378a86c42d,5ab26e89c1cb61378a86b9bf,47957.0
5ab3130ac1cb61378a86c42d,5ab0f40e5e27e527018c6a4b,51705.0
5ab3130ac1cb61378a86c42d,5ab89e0dc1cb611355030e24,25692.0
5ab3130ac1cb61378a86c42d,5aaf9e85c1cb611ae59db92b,49885.0
5ab3130ac1cb61378a86c42d,5ab10cd2c1cb61657456beec,51218.0
5ab3130ac1cb61378a86c42d,5ab21cd15e27e5186df19653,20415.0
5ab3130ac1cb61378a86c42d,5ab4c6855e27e56ec5f66e26,63444.0
5ab3130ac1cb61378a86c42d,5ab8023ac1cb61135502fea2,52729.0
5ab3130ac1cb61378a86c42d,5c3efc205e27e53fb0c06dab,85226.0
5ab3130ac1cb61378a86c42d,5adedf3f5e27e51c0e794115,56800.0
5ab3130ac1cb61378a86c42d,5abde34ac1cb6132bc75d1e8,48347.0
5ab3130ac1cb61378a86c42d,5adeda845e27e51c0e793fe7,54117.0
5ab3130ac1cb61378a86c42d,5ad1cf955e27e54ba6c14d7e,32096.0
5ab991fcc1cb6113550316ca,5ab3130ac1cb61378a86c42d,30721.0
5ab991fcc1cb6113550316ca,5ab5850ac1cb617b04d571ce,34372.0
5ab991fcc1cb6113550316ca,5ab0ac875e27e527018c5966,4385.0
5ab991fcc1cb6113550316ca,5ab122175e27e5186df14e20,32376.0
5ab991fcc1cb6113550316ca,5ab4b3e5c1cb617b04d569d6,25557.0
5ab991fcc1cb6113550316ca,5ab9488fc1cb61135503128d,25253.0
5ab991fcc1cb6113550316ca,5ab245e85e27e5186df19c0a,22631.0
5ab991fcc1cb6113550316ca,5ab1d893c1cb61657456e2d7,33411.0
5ab991fcc1cb6113550316ca,5ab6be92c1cb6105684ae48e,23831.0
5ab991fcc1cb6113550316ca,5ab1dd6fc1cb61657456e363,22896.0
5ab991fcc1cb6113550316ca,5ab306ae5e27e565e8463506,5369.0
5ab991fcc1cb6113550316ca,5ab2fc48c1cb61378a86bbab,22824.0
5ab991fcc1cb6113550316ca,5aaf9e12c1cb611ae59db91c,34774.0
5ab991fcc1cb6113550316ca,5ae289f05e27e5652dcc9a8b,24477.0
5ab991fcc1cb6113550316ca,5ab207925e27e5186df18582,21247.0
5ab991fcc1cb6113550316ca,5ab2637a5e27e565e8462e3c,32085.0
5ab991fcc1cb6113550316ca,5ab24a485e27e5186df19c82,34617.0
5ab991fcc1cb6113550316ca,5ab35e96c1cb61378a86dc86,28875.0
5ab991fcc1cb6113550316ca,5abab3385e27e54c98ae6373,25277.0
5ab991fcc1cb6113550316ca,5ab353c65e27e565e8464e50,15943.0
5ab991fcc1cb6113550316ca,5ab3198bc1cb61378a86c5f2,31507.0
5ab991fcc1cb6113550316ca,5ab26e89c1cb61378a86b9bf,21280.0
5ab991fcc1cb6113550316ca,5ab0f40e5e27e527018c6a4b,25473.0
5ab991fcc1cb6113550316ca,5ab89e0dc1cb611355030e24,46218.0
5ab991fcc1cb6113550316ca,5aaf9e85c1cb611ae59db92b,24290.0
5ab991fcc1cb6113550316ca,5ab10cd2c1cb61657456beec,24986.0
5ab991fcc1cb6113550316ca,5ab21cd15e27e5186df19653,17106.0
5ab991fcc1cb6113550316ca,5ab4c6855e27e56ec5f66e26,34503.0
5ab991fcc1cb6113550316ca,5ab8023ac1cb61135502fea2,23788.0
5ab991fcc1cb6113550316ca,5c3efc205e27e53fb0c06dab,56285.0
5ab991fcc1cb6113550316ca,5adedf3f5e27e51c0e794115,30724.0
5ab991fcc1cb6113550316ca,5abde34ac1cb6132bc75d1e8,25410.0
5ab991fcc1cb6113550316ca,5adeda845e27e51c0e793fe7,27885.0
5ab991fcc1cb6113550316ca,5ad1cf955e27e54ba6c14d7e,2325.0
5ab5850ac1cb617b04d571ce,5ab3130ac1cb61378a86c42d,62848.0
5ab5850ac1cb617b04d571ce,5ab991fcc1cb6113550316ca,34035.0
5ab5850ac1cb617b04d571ce,5ab0ac875e27e527018c5966,34709.0
5ab5850ac1cb617b04d571ce,5ab122175e27e5186df14e20,13129.0
5ab5850ac1cb617b04d571ce,5ab4b3e5c1cb617b04d569d6,10882.0
5ab5850ac1cb617b04d571ce,5ab9488fc1cb61135503128d,9960.0
5ab5850ac1cb617b04d571ce,5ab245e85e27e5186df19c0a,16170.0
5ab5850ac1cb617b04d571ce,5ab1d893c1cb61657456e2d7,65538.0
5ab5850ac1cb617b04d571ce,5ab6be92c1cb6105684ae48e,10146.0
5ab5850ac1cb617b04d571ce,5ab1dd6fc1cb61657456e363,55003.0
5ab5850ac1cb617b04d571ce,5ab306ae5e27e565e8463506,34925.0
5ab5850ac1cb617b04d571ce,5ab2fc48c1cb61378a86bbab,55279.0
5ab5850ac1cb617b04d571ce,5aaf9e12c1cb611ae59db91c,14208.0
5ab5850ac1cb617b04d571ce,5ae289f05e27e5652dcc9a8b,21381.0
5ab5850ac1cb617b04d571ce,5ab207925e27e5186df18582,15918.0
5ab5850ac1cb617b04d571ce,5ab2637a5e27e565e8462e3c,12459.0
5ab5850ac1cb617b04d571ce,5ab24a485e27e5186df19c82,14015.0
5ab5850ac1cb617b04d571ce,5ab35e96c1cb61378a86dc86,12018.0
5ab5850ac1cb617b04d571ce,5abab3385e27e54c98ae6373,8755.0
5ab5850ac1cb617b04d571ce,5ab353c65e27e565e8464e50,43206.0
5ab5850ac1cb617b04d571ce,5ab3198bc1cb61378a86c5f2,63962.0
5ab5850ac1cb617b04d571ce,5ab26e89c1cb61378a86b9bf,19188.0
5ab5850ac1cb617b04d571ce,5ab0f40e5e27e527018c6a4b,17362.0
5ab5850ac1cb617b04d571ce,5ab89e0dc1cb611355030e24,78673.0
5ab5850ac1cb617b04d571ce,5aaf9e85c1cb611ae59db92b,21808.0
5ab5850ac1cb617b04d571ce,5ab10cd2c1cb61657456beec,18221.0
5ab5850ac1cb617b04d571ce,5ab21cd15e27e5186df19653,49561.0
5ab5850ac1cb617b04d571ce,5ab4c6855e27e56ec5f66e26,2945.0
5ab5850ac1cb617b04d571ce,5ab8023ac1cb61135502fea2,11426.0
5ab5850ac1cb617b04d571ce,5c3efc205e27e53fb0c06dab,28549.0
5ab5850ac1cb617b04d571ce,5adedf3f5e27e51c0e794115,14433.0
5ab5850ac1cb617b04d571ce,5abde34ac1cb6132bc75d1e8,43654.0
5ab5850ac1cb617b04d571ce,5adeda845e27e51c0e793fe7,18519.0
5ab5850ac1cb617b04d571ce,5ad1cf955e27e54ba6c14d7e,32189.0
5ab0ac875e27e527018c5966,5ab3130ac1cb61378a86c42d,29377.0
5ab0ac875e27e527018c5966,5ab991fcc1cb6113550316ca,4381.0
5ab0ac875e27e527018c5966,5ab5850ac1cb617b04d571ce,35178.0
5ab0ac875e27e527018c5966,5ab122175e27e5186df14e20,31248.0
5ab0ac875e27e527018c5966,5ab4b3e5c1cb617b04d569d6,26376.0
5ab0ac875e27e527018c5966,5ab9488fc1cb61135503128d,25494.0
5ab0ac875e27e527018c5966,5ab245e85e27e5186df19c0a,23534.0
5ab0ac875e27e527018c5966,5ab1d893c1cb61657456e2d7,31928.0
5ab0ac875e27e527018c5966,5ab6be92c1cb6105684ae48e,24650.0
5ab0ac875e27e527018c5966,5ab1dd6fc1cb61657456e363,21532.0
5ab0ac875e27e527018c5966,5ab306ae5e27e565e8463506,1316.0
5ab0ac875e27e527018c5966,5ab2fc48c1cb61378a86bbab,23065.0
5ab0ac875e27e527018c5966,5aaf9e12c1cb611ae59db91c,33646.0
5ab0ac875e27e527018c5966,5ae289f05e27e5652dcc9a8b,22562.0
5ab0ac875e27e527018c5966,5ab207925e27e5186df18582,22150.0
5ab0ac875e27e527018c5966,5ab2637a5e27e565e8462e3c,30957.0
5ab0ac875e27e527018c5966,5ab24a485e27e5186df19c82,33489.0
5ab0ac875e27e527018c5966,5ab35e96c1cb61378a86dc86,28092.0
5ab0ac875e27e527018c5966,5abab3385e27e54c98ae6373,26096.0
5ab0ac875e27e527018c5966,5ab353c65e27e565e8464e50,19656.0
5ab0ac875e27e527018c5966,5ab3198bc1cb61378a86c5f2,30835.0
5ab0ac875e27e527018c5966,5ab26e89c1cb61378a86b9bf,20080.0
5ab0ac875e27e527018c5966,5ab0f40e5e27e527018c6a4b,23827.0
5ab0ac875e27e527018c5966,5ab89e0dc1cb611355030e24,45546.0
5ab0ac875e27e527018c5966,5aaf9e85c1cb611ae59db92b,22009.0
5ab0ac875e27e527018c5966,5ab10cd2c1cb61657456beec,23340.0
5ab0ac875e27e527018c5966,5ab21cd15e27e5186df19653,16087.0
5ab0ac875e27e527018c5966,5ab4c6855e27e56ec5f66e26,35322.0
5ab0ac875e27e527018c5966,5ab8023ac1cb61135502fea2,24607.0
5ab0ac875e27e527018c5966,5c3efc205e27e53fb0c06dab,56968.0
5ab0ac875e27e527018c5966,5adedf3f5e27e51c0e794115,28922.0
5ab0ac875e27e527018c5966,5abde34ac1cb6132bc75d1e8,29123.0
5ab0ac875e27e527018c5966,5adeda845e27e51c0e793fe7,26239.0
5ab0ac875e27e527018c5966,5ad1cf955e27e54ba6c14d7e,5183.0
5ab122175e27e5186df14e20,5ab3130ac1cb61378a86c42d,59369.0
5ab122175e27e5186df14e20,5ab991fcc1cb6113550316ca,32806.0
5ab122175e27e5186df14e20,5ab5850ac1cb617b04d571ce,13121.0
5ab122175e27e5186df14e20,5ab0ac875e27e527018c5966,31500.0
5ab122175e27e5186df14e20,5ab4b3e5c1cb617b04d569d6,20931.0
5ab122175e27e5186df14e20,5ab9488fc1cb61135503128d,21894.0
5ab122175e27e5186df14e20,5ab245e85e27e5186df19c0a,12028.0
5ab122175e27e5186df14e20,5ab1d893c1cb61657456e2d7,61920.0
5ab122175e27e5186df14e20,5ab6be92c1cb6105684ae48e,21500.0
5ab122175e27e5186df14e20,5ab1dd6fc1cb61657456e363,51249.0
5ab122175e27e5186df14e20,5ab306ae5e27e565e8463506,30535.0
5ab122175e27e5186df14e20,5ab2fc48c1cb61378a86bbab,53371.0
5ab122175e27e5186df14e20,5aaf9e12c1cb611ae59db91c,2944.0
5ab122175e27e5186df14e20,5ae289f05e27e5652dcc9a8b,12293.0
5ab122175e27e5186df14e20,5ab207925e27e5186df18582,11776.0
5ab122175e27e5186df14e20,5ab2637a5e27e565e8462e3c,2954.0
5ab122175e27e5186df14e20,5ab24a485e27e5186df19c82,2787.0
5ab122175e27e5186df14e20,5ab35e96c1cb61378a86dc86,9571.0
5ab122175e27e5186df14e20,5abab3385e27e54c98ae6373,20689.0
5ab122175e27e5186df14e20,5ab353c65e27e565e8464e50,44981.0
5ab122175e27e5186df14e20,5ab3198bc1cb61378a86c5f2,60552.0
5ab122175e27e5186df14e20,5ab26e89c1cb61378a86b9bf,12625.0
5ab122175e27e5186df14e20,5ab0f40e5e27e527018c6a4b,9212.0
5ab122175e27e5186df14e20,5ab89e0dc1cb611355030e24,74467.0
5ab122175e27e5186df14e20,5aaf9e85c1cb611ae59db92b,13055.0
5ab122175e27e5186df14e20,5ab10cd2c1cb61657456beec,9170.0
5ab122175e27e5186df14e20,5ab21cd15e27e5186df19653,45804.0
5ab122175e27e5186df14e20,5ab4c6855e27e56ec5f66e26,15152.0
5ab122175e27e5186df14e20,5ab8023ac1cb61135502fea2,22589.0
5ab122175e27e5186df14e20,5c3efc205e27e53fb0c06dab,40263.0
5ab122175e27e5186df14e20,5adedf3f5e27e51c0e794115,3530.0
5ab122175e27e5186df14e20,5abde34ac1cb6132bc75d1e8,48254.0
5ab122175e27e5186df14e20,5adeda845e27e51c0e793fe7,9716.0
5ab122175e27e5186df14e20,5ad1cf955e27e54ba6c14d7e,30764.0
5ab4b3e5c1cb617b04d569d6,5ab3130ac1cb61378a86c42d,52150.0
5ab4b3e5c1cb617b04d569d6,5ab991fcc1cb6113550316ca,23533.0
5ab4b3e5c1cb617b04d569d6,5ab5850ac1cb617b04d571ce,12258.0
5ab4b3e5c1cb617b04d569d6,5ab0ac875e27e527018c5966,24011.0
5ab4b3e5c1cb617b04d569d6,5ab122175e27e5186df14e20,21943.0
5ab4b3e5c1cb617b04d569d6,5ab9488fc1cb61135503128d,3341.0
5ab4b3e5c1cb617b04d569d6,5ab245e85e27e5186df19c0a,11897.0
5ab4b3e5c1cb617b04d569d6,5ab1d893c1cb61657456e2d7,54701.0
5ab4b3e5c1cb617b04d569d6,5ab6be92c1cb6105684ae48e,2255.0
5ab4b3e5c1cb617b04d569d6,5ab1dd6fc1cb61657456e363,44708.0
5ab4b3e5c1cb617b04d569d6,5ab306ae5e27e565e8463506,24247.0
5ab4b3e5c1cb617b04d569d6,5ab2fc48c1cb61378a86bbab,42828.0
5ab4b3e5c1cb617b04d569d6,5aaf9e12c1cb611ae59db91c,23022.0
5ab4b3e5c1cb617b04d569d6,5ae289f05e27e5652dcc9a8b,27506.0
5ab4b3e5c1cb617b04d569d6,5ab207925e27e5186df18582,13241.0
5ab4b3e5c1cb617b04d569d6,5ab2637a5e27e565e8462e3c,20790.0
5ab4b3e5c1cb617b04d569d6,5ab24a485e27e5186df19c82,22829.0
5ab4b3e5c1cb617b04d569d6,5ab35e96c1cb61378a86dc86,16456.0
5ab4b3e5c1cb617b04d569d6,5abab3385e27e54c98ae6373,3093.0
5ab4b3e5c1cb617b04d569d6,5ab353c65e27e565e8464e50,31590.0
5ab4b3e5c1cb617b04d569d6,5ab3198bc1cb61378a86c5f2,52518.0
5ab4b3e5c1cb617b04d569d6,5ab26e89c1cb61378a86b9bf,25313.0
5ab4b3e5c1cb617b04d569d6,5ab0f40e5e27e527018c6a4b,23487.0
5ab4b3e5c1cb617b04d569d6,5ab89e0dc1cb611355030e24,64886.0
5ab4b3e5c1cb617b04d569d6,5aaf9e85c1cb611ae59db92b,27933.0
5ab4b3e5c1cb617b04d569d6,5ab10cd2c1cb61657456beec,24346.0
5ab4b3e5c1cb617b04d569d6,5ab21cd15e27e5186df19653,38117.0
5ab4b3e5c1cb617b04d569d6,5ab4c6855e27e56ec5f66e26,12401.0
5ab4b3e5c1cb617b04d569d6,5ab8023ac1cb61135502fea2,3323.0
5ab4b3e5c1cb617b04d569d6,5c3efc205e27e53fb0c06dab,34155.0
5ab4b3e5c1cb617b04d569d6,5adedf3f5e27e51c0e794115,21598.0
5ab4b3e5c1cb617b04d569d6,5abde34ac1cb6132bc75d1e8,32956.0
5ab4b3e5c1cb617b04d569d6,5adeda845e27e51c0e793fe7,26104.0
5ab4b3e5c1cb617b04d569d6,5ad1cf955e27e54ba6c14d7e,21491.0
5ab9488fc1cb61135503128d,5ab3130ac1cb61378a86c42d,53620.0
5ab9488fc1cb61135503128d,5ab991fcc1cb6113550316ca,25003.0
5ab9488fc1cb61135503128d,5ab5850ac1cb617b04d571ce,10407.0
5ab9488fc1cb61135503128d,5ab0ac875e27e527018c5966,25481.0
5ab9488fc1cb61135503128d,5ab122175e27e5186df14e20,21197.0
5ab9488fc1cb61135503128d,5ab4b3e5c1cb617b04d569d6,4051.0
5ab9488fc1cb61135503128d,5ab245e85e27e5186df19c0a,12570.0
5ab9488fc1cb61135503128d,5ab1d893c1cb61657456e2d7,56171.0
5ab9488fc1cb61135503128d,5ab6be92c1cb6105684ae48e,1030.0
5ab9488fc1cb61135503128d,5ab1dd6fc1cb61657456e363,46178.0
5ab9488fc1cb61135503128d,5ab306ae5e27e565e8463506,25717.0
5ab9488fc1cb61135503128d,5ab2fc48c1cb61378a86bbab,44298.0
5ab9488fc1cb61135503128d,5aaf9e12c1cb611ae59db91c,22276.0
5ab9488fc1cb61135503128d,5ae289f05e27e5652dcc9a8b,28145.0
5ab9488fc1cb61135503128d,5ab207925e27e5186df18582,13914.0
5ab9488fc1cb61135503128d,5ab2637a5e27e565e8462e3c,20044.0
5ab9488fc1cb61135503128d,5ab24a485e27e5186df19c82,22083.0
5ab9488fc1cb61135503128d,5ab35e96c1cb61378a86dc86,17129.0
5ab9488fc1cb61135503128d,5abab3385e27e54c98ae6373,1757.0
5ab9488fc1cb61135503128d,5ab353c65e27e565e8464e50,33060.0
5ab9488fc1cb61135503128d,5ab3198bc1cb61378a86c5f2,53988.0
5ab9488fc1cb61135503128d,5ab26e89c1cb61378a86b9bf,25986.0
5ab9488fc1cb61135503128d,5ab0f40e5e27e527018c6a4b,24160.0
5ab9488fc1cb61135503128d,5ab89e0dc1cb611355030e24,64469.0
5ab9488fc1cb61135503128d,5aaf9e85c1cb611ae59db92b,28594.0
5ab9488fc1cb61135503128d,5ab10cd2c1cb61657456beec,24900.0
5ab9488fc1cb61135503128d,5ab21cd15e27e5186df19653,39587.0
5ab9488fc1cb61135503128d,5ab4c6855e27e56ec5f66e26,10550.0
5ab9488fc1cb61135503128d,5ab8023ac1cb61135502fea2,1252.0
5ab9488fc1cb61135503128d,5c3efc205e27e53fb0c06dab,31686.0
5ab9488fc1cb61135503128d,5adedf3f5e27e51c0e794115,21029.0
5ab9488fc1cb61135503128d,5abde34ac1cb6132bc75d1e8,33964.0
5ab9488fc1cb61135503128d,5adeda845e27e51c0e793fe7,25446.0
5ab9488fc1cb61135503128d,5ad1cf955e27e54ba6c14d7e,22961.0
5ab245e85e27e5186df19c0a,5ab3130ac1cb61378a86c42d,51601.0
5ab245e85e27e5186df19c0a,5ab991fcc1cb6113550316ca,23068.0
5ab245e85e27e5186df19c0a,5ab5850ac1cb617b04d571ce,16184.0
5ab245e85e27e5186df19c0a,5ab0ac875e27e527018c5966,23462.0
5ab245e85e27e5186df19c0a,5ab122175e27e5186df14e20,12047.0
5ab245e85e27e5186df19c0a,5ab4b3e5c1cb617b04d569d6,10896.0
5ab245e85e27e5186df19c0a,5ab9488fc1cb61135503128d,12564.0
5ab245e85e27e5186df19c0a,5ab1d893c1cb61657456e2d7,54152.0
5ab245e85e27e5186df19c0a,5ab6be92c1cb6105684ae48e,11465.0
5ab245e85e27e5186df19c0a,5ab1dd6fc1cb61657456e363,43756.0
5ab245e85e27e5186df19c0a,5ab306ae5e27e565e8463506,23361.0
5ab245e85e27e5186df19c0a,5ab2fc48c1cb61378a86bbab,43633.0
5ab245e85e27e5186df19c0a,5aaf9e12c1cb611ae59db91c,14445.0
5ab245e85e27e5186df19c0a,5ae289f05e27e5652dcc9a8b,16303.0
5ab245e85e27e5186df19c0a,5ab207925e27e5186df18582,2038.0
5ab245e85e27e5186df19c0a,5ab2637a5e27e565e8462e3c,11756.0
5ab245e85e27e5186df19c0a,5ab24a485e27e5186df19c82,14288.0
5ab245e85e27e5186df19c0a,5ab35e96c1cb61378a86dc86,7159.0
5ab245e85e27e5186df19c0a,5abab3385e27e54c98ae6373,11347.0
5ab245e85e27e5186df19c0a,5ab353c65e27e565e8464e50,35243.0
5ab245e85e27e5186df19c0a,5ab3198bc1cb61378a86c5f2,53323.0
5ab245e85e27e5186df19c0a,5ab26e89c1cb61378a86b9bf,14110.0
5ab245e85e27e5186df19c0a,5ab0f40e5e27e527018c6a4b,12284.0
5ab245e85e27e5186df19c0a,5ab89e0dc1cb611355030e24,65303.0
5ab245e85e27e5186df19c0a,5aaf9e85c1cb611ae59db92b,16730.0
5ab245e85e27e5186df19c0a,5ab10cd2c1cb61657456beec,13143.0
5ab245e85e27e5186df19c0a,5ab21cd15e27e5186df19653,38311.0
5ab245e85e27e5186df19c0a,5ab4c6855e27e56ec5f66e26,17528.0
5ab245e85e27e5186df19c0a,5ab8023ac1cb61135502fea2,12554.0
5ab245e85e27e5186df19c0a,5c3efc205e27e53fb0c06dab,41745.0
5ab245e85e27e5186df19c0a,5adedf3f5e27e51c0e794115,10395.0
5ab245e85e27e5186df19c0a,5abde34ac1cb6132bc75d1e8,36920.0
5ab245e85e27e5186df19c0a,5adeda845e27e51c0e793fe7,14766.0
5ab245e85e27e5186df19c0a,5ad1cf955e27e54ba6c14d7e,21026.0
5ab6be92c1cb6105684ae48e,5ab3130ac1cb61378a86c42d,53289.0
5ab6be92c1cb6105684ae48e,5ab991fcc1cb6113550316ca,24672.0
5ab6be92c1cb6105684ae48e,5ab5850ac1cb617b04d571ce,10605.0
5ab6be92c1cb6105684ae48e,5ab0ac875e27e527018c5966,25150.0
5ab6be92c1cb6105684ae48e,5ab122175e27e5186df14e20,21395.0
5ab6be92c1cb6105684ae48e,5ab4b3e5c1cb617b04d569d6,3039.0
5ab6be92c1cb6105684ae48e,5ab9488fc1cb61135503128d,1031.0
5ab6be92c1cb6105684ae48e,5ab245e85e27e5186df19c0a,11468.0
5ab6be92c1cb6105684ae48e,5ab1d893c1cb61657456e2d7,55840.0
5ab6be92c1cb6105684ae48e,5ab1dd6fc1cb61657456e363,45847.0
5ab6be92c1cb6105684ae48e,5ab306ae5e27e565e8463506,25386.0
5ab6be92c1cb6105684ae48e,5ab2fc48c1cb61378a86bbab,43967.0
5ab6be92c1cb6105684ae48e,5aaf9e12c1cb611ae59db91c,22474.0
5ab6be92c1cb6105684ae48e,5ae289f05e27e5652dcc9a8b,27077.0
5ab6be92c1cb6105684ae48e,5ab207925e27e5186df18582,12812.0
5ab6be92c1cb6105684ae48e,5ab2637a5e27e565e8462e3c,20242.0
5ab6be92c1cb6105684ae48e,5ab24a485e27e5186df19c82,22281.0
5ab6be92c1cb6105684ae48e,5ab35e96c1cb61378a86dc86,16027.0
5ab6be92c1cb6105684ae48e,5abab3385e27e54c98ae6373,1447.0
5ab6be92c1cb6105684ae48e,5ab353c65e27e565e8464e50,32729.0
5ab6be92c1cb6105684ae48e,5ab3198bc1cb61378a86c5f2,53657.0
5ab6be92c1cb6105684ae48e,5ab26e89c1cb61378a86b9bf,24884.0
5ab6be92c1cb6105684ae48e,5ab0f40e5e27e527018c6a4b,23058.0
5ab6be92c1cb6105684ae48e,5ab89e0dc1cb611355030e24,65347.0
5ab6be92c1cb6105684ae48e,5aaf9e85c1cb611ae59db92b,27504.0
5ab6be92c1cb6105684ae48e,5ab10cd2c1cb61657456beec,23917.0
5ab6be92c1cb6105684ae48e,5ab21cd15e27e5186df19653,39256.0
5ab6be92c1cb6105684ae48e,5ab4c6855e27e56ec5f66e26,10748.0
5ab6be92c1cb6105684ae48e,5ab8023ac1cb61135502fea2,1109.0
5ab6be92c1cb6105684ae48e,5c3efc205e27e53fb0c06dab,32319.0
5ab6be92c1cb6105684ae48e,5adedf3f5e27e51c0e794115,21227.0
5ab6be92c1cb6105684ae48e,5abde34ac1cb6132bc75d1e8,34095.0
5ab6be92c1cb6105684ae48e,5adeda845e27e51c0e793fe7,25644.0
5ab6be92c1cb6105684ae48e,5ad1cf955e27e54ba6c14d7e,22630.0
5ab1d893c1cb61657456e2d7,5ab3130ac1cb61378a86c42d,9457.0
5ab1d893c1cb61657456e2d7,5ab991fcc1cb6113550316ca,33403.0
5ab1d893c1cb61657456e2d7,5ab5850ac1cb617b04d571ce,65844.0
5ab1d893c1cb61657456e2d7,5ab0ac875e27e527018c5966,31956.0
5ab1d893c1cb61657456e2d7,5ab122175e27e5186df14e20,61669.0
5ab1d893c1cb61657456e2d7,5ab4b3e5c1cb617b04d569d6,57041.0
5ab1d893c1cb61657456e2d7,5ab9488fc1cb61135503128d,56159.0
5ab1d893c1cb61657456e2d7,5ab245e85e27e5186df19c0a,54199.0
5ab1d893c1cb61657456e2d7,5ab6be92c1cb6105684ae48e,55828.0
5ab1d893c1cb61657456e2d7,5ab1dd6fc1cb61657456e363,21050.0
5ab1d893c1cb61657456e2d7,5ab306ae5e27e565e8463506,32124.0
5ab1d893c1cb61657456e2d7,5ab2fc48c1cb61378a86bbab,26545.0
5ab1d893c1cb61657456e2d7,5aaf9e12c1cb611ae59db91c,64067.0
5ab1d893c1cb61657456e2d7,5ae289f05e27e5652dcc9a8b,52976.0
5ab1d893c1cb61657456e2d7,5ab207925e27e5186df18582,52815.0
5ab1d893c1cb61657456e2d7,5ab2637a5e27e565e8462e3c,61378.0
5ab1d893c1cb61657456e2d7,5ab24a485e27e5186df19c82,63910.0
5ab1d893c1cb61657456e2d7,5ab35e96c1cb61378a86dc86,58757.0
5ab1d893c1cb61657456e2d7,5abab3385e27e54c98ae6373,57351.0
5ab1d893c1cb61657456e2d7,5ab353c65e27e565e8464e50,44277.0
5ab1d893c1cb61657456e2d7,5ab3198bc1cb61378a86c5f2,18284.0
5ab1d893c1cb61657456e2d7,5ab26e89c1cb61378a86b9bf,50500.0
5ab1d893c1cb61657456e2d7,5ab0f40e5e27e527018c6a4b,54248.0
5ab1d893c1cb61657456e2d7,5ab89e0dc1cb611355030e24,32174.0
5ab1d893c1cb61657456e2d7,5aaf9e85c1cb611ae59db92b,52428.0
5ab1d893c1cb61657456e2d7,5ab10cd2c1cb61657456beec,53761.0
5ab1d893c1cb61657456e2d7,5ab21cd15e27e5186df19653,23543.0
5ab1d893c1cb61657456e2d7,5ab4c6855e27e56ec5f66e26,65987.0
5ab1d893c1cb61657456e2d7,5ab8023ac1cb61135502fea2,55272.0
5ab1d893c1cb61657456e2d7,5c3efc205e27e53fb0c06dab,87845.0
5ab1d893c1cb61657456e2d7,5adedf3f5e27e51c0e794115,59343.0
5ab1d893c1cb61657456e2d7,5abde34ac1cb6132bc75d1e8,53744.0
5ab1d893c1cb61657456e2d7,5adeda845e27e51c0e793fe7,56660.0
5ab1d893c1cb61657456e2d7,5ad1cf955e27e54ba6c14d7e,34639.0
5ab1dd6fc1cb61657456e363,5ab3130ac1cb61378a86c42d,13512.0
5ab1dd6fc1cb61657456e363,5ab991fcc1cb6113550316ca,23029.0
5ab1dd6fc1cb61657456e363,5ab5850ac1cb617b04d571ce,55579.0
5ab1dd6fc1cb61657456e363,5ab0ac875e27e527018c5966,21530.0
5ab1dd6fc1cb61657456e363,5ab122175e27e5186df14e20,50988.0
5ab1dd6fc1cb61657456e363,5ab4b3e5c1cb617b04d569d6,46776.0
5ab1dd6fc1cb61657456e363,5ab9488fc1cb61135503128d,45894.0
5ab1dd6fc1cb61657456e363,5ab245e85e27e5186df19c0a,43773.0
5ab1dd6fc1cb61657456e363,5ab1d893c1cb61657456e2d7,21046.0
5ab1dd6fc1cb61657456e363,5ab6be92c1cb6105684ae48e,45563.0
5ab1dd6fc1cb61657456e363,5ab306ae5e27e565e8463506,21698.0
5ab1dd6fc1cb61657456e363,5ab2fc48c1cb61378a86bbab,7915.0
5ab1dd6fc1cb61657456e363,5aaf9e12c1cb611ae59db91c,53386.0
5ab1dd6fc1cb61657456e363,5ae289f05e27e5652dcc9a8b,42295.0
5ab1dd6fc1cb61657456e363,5ab207925e27e5186df18582,42389.0
5ab1dd6fc1cb61657456e363,5ab2637a5e27e565e8462e3c,50697.0
5ab1dd6fc1cb61657456e363,5ab24a485e27e5186df19c82,53229.0
5ab1dd6fc1cb61657456e363,5ab35e96c1cb61378a86dc86,48331.0
5ab1dd6fc1cb61657456e363,5abab3385e27e54c98ae6373,47086.0
5ab1dd6fc1cb61657456e363,5ab353c65e27e565e8464e50,22112.0
5ab1dd6fc1cb61657456e363,5ab3198bc1cb61378a86c5f2,10278.0
5ab1dd6fc1cb61657456e363,5ab26e89c1cb61378a86b9bf,39819.0
5ab1dd6fc1cb61657456e363,5ab0f40e5e27e527018c6a4b,43567.0
5ab1dd6fc1cb61657456e363,5ab89e0dc1cb611355030e24,24989.0
5ab1dd6fc1cb61657456e363,5aaf9e85c1cb611ae59db92b,41747.0
5ab1dd6fc1cb61657456e363,5ab10cd2c1cb61657456beec,43080.0
5ab1dd6fc1cb61657456e363,5ab21cd15e27e5186df19653,9721.0
5ab1dd6fc1cb61657456e363,5ab4c6855e27e56ec5f66e26,55722.0
5ab1dd6fc1cb61657456e363,5ab8023ac1cb61135502fea2,45007.0
5ab1dd6fc1cb61657456e363,5c3efc205e27e53fb0c06dab,77580.0
5ab1dd6fc1cb61657456e363,5adedf3f5e27e51c0e794115,48662.0
5ab1dd6fc1cb61657456e363,5abde34ac1cb6132bc75d1e8,32623.0
5ab1dd6fc1cb61657456e363,5adeda845e27e51c0e793fe7,45979.0
5ab1dd6fc1cb61657456e363,5ad1cf955e27e54ba6c14d7e,24265.0
5ab306ae5e27e565e8463506,5ab3130ac1cb61378a86c42d,29538.0
5ab306ae5e27e565e8463506,5ab991fcc1cb6113550316ca,5365.0
5ab306ae5e27e565e8463506,5ab5850ac1cb617b04d571ce,35417.0
5ab306ae5e27e565e8463506,5ab0ac875e27e527018c5966,1369.0
5ab306ae5e27e565e8463506,5ab122175e27e5186df14e20,30280.0
5ab306ae5e27e565e8463506,5ab4b3e5c1cb617b04d569d6,26614.0
5ab306ae5e27e565e8463506,5ab9488fc1cb61135503128d,25732.0
5ab306ae5e27e565e8463506,5ab245e85e27e5186df19c0a,23337.0
5ab306ae5e27e565e8463506,5ab1d893c1cb61657456e2d7,32089.0
5ab306ae5e27e565e8463506,5ab6be92c1cb6105684ae48e,25401.0
5ab306ae5e27e565e8463506,5ab1dd6fc1cb61657456e363,21693.0
5ab306ae5e27e565e8463506,5ab2fc48c1cb61378a86bbab,23823.0
5ab306ae5e27e565e8463506,5aaf9e12c1cb611ae59db91c,32678.0
5ab306ae5e27e565e8463506,5ae289f05e27e5652dcc9a8b,21587.0
5ab306ae5e27e565e8463506,5ab207925e27e5186df18582,21953.0
5ab306ae5e27e565e8463506,5ab2637a5e27e565e8462e3c,29989.0
5ab306ae5e27e565e8463506,5ab24a485e27e5186df19c82,32521.0
5ab306ae5e27e565e8463506,5ab35e96c1cb61378a86dc86,28330.0
5ab306ae5e27e565e8463506,5abab3385e27e54c98ae6373,26924.0
5ab306ae5e27e565e8463506,5ab353c65e27e565e8464e50,20640.0
5ab306ae5e27e565e8463506,5ab3198bc1cb61378a86c5f2,30996.0
5ab306ae5e27e565e8463506,5ab26e89c1cb61378a86b9bf,19111.0
5ab306ae5e27e565e8463506,5ab0f40e5e27e527018c6a4b,22859.0
5ab306ae5e27e565e8463506,5ab89e0dc1cb611355030e24,45707.0
5ab306ae5e27e565e8463506,5aaf9e85c1cb611ae59db92b,21039.0
5ab306ae5e27e565e8463506,5ab10cd2c1cb61657456beec,22372.0
5ab306ae5e27e565e8463506,5ab21cd15e27e5186df19653,16248.0
5ab306ae5e27e565e8463506,5ab4c6855e27e56ec5f66e26,35560.0
5ab306ae5e27e565e8463506,5ab8023ac1cb61135502fea2,24845.0
5ab306ae5e27e565e8463506,5c3efc205e27e53fb0c06dab,57418.0
5ab306ae5e27e565e8463506,5adedf3f5e27e51c0e794115,27954.0
5ab306ae5e27e565e8463506,5abde34ac1cb6132bc75d1e8,30107.0
5ab306ae5e27e565e8463506,5adeda845e27e51c0e793fe7,25271.0
5ab306ae5e27e565e8463506,5ad1cf955e27e54ba6c14d7e,6371.0
5ab2fc48c1cb61378a86bbab,5ab3130ac1cb61378a86c42d,19169.0
5ab2fc48c1cb61378a86bbab,5ab991fcc1cb6113550316ca,22995.0
5ab2fc48c1cb61378a86bbab,5ab5850ac1cb617b04d571ce,56390.0
5ab2fc48c1cb61378a86bbab,5ab0ac875e27e527018c5966,24076.0
5ab2fc48c1cb61378a86bbab,5ab122175e27e5186df14e20,54394.0
5ab2fc48c1cb61378a86bbab,5ab4b3e5c1cb617b04d569d6,47575.0
5ab2fc48c1cb61378a86bbab,5ab9488fc1cb61135503128d,47271.0
5ab2fc48c1cb61378a86bbab,5ab245e85e27e5186df19c0a,44649.0
5ab2fc48c1cb61378a86bbab,5ab1d893c1cb61657456e2d7,27278.0
5ab2fc48c1cb61378a86bbab,5ab6be92c1cb6105684ae48e,45849.0
5ab2fc48c1cb61378a86bbab,5ab1dd6fc1cb61657456e363,8079.0
5ab2fc48c1cb61378a86bbab,5ab306ae5e27e565e8463506,25060.0
5ab2fc48c1cb61378a86bbab,5aaf9e12c1cb611ae59db91c,56792.0
5ab2fc48c1cb61378a86bbab,5ae289f05e27e5652dcc9a8b,46188.0
5ab2fc48c1cb61378a86bbab,5ab207925e27e5186df18582,43265.0
5ab2fc48c1cb61378a86bbab,5ab2637a5e27e565e8462e3c,54103.0
5ab2fc48c1cb61378a86bbab,5ab24a485e27e5186df19c82,56635.0
5ab2fc48c1cb61378a86bbab,5ab35e96c1cb61378a86dc86,50893.0
5ab2fc48c1cb61378a86bbab,5abab3385e27e54c98ae6373,47295.0
5ab2fc48c1cb61378a86bbab,5ab353c65e27e565e8464e50,21528.0
5ab2fc48c1cb61378a86bbab,5ab3198bc1cb61378a86c5f2,13887.0
5ab2fc48c1cb61378a86bbab,5ab26e89c1cb61378a86b9bf,43526.0
5ab2fc48c1cb61378a86bbab,5ab0f40e5e27e527018c6a4b,47719.0
5ab2fc48c1cb61378a86bbab,5ab89e0dc1cb611355030e24,28598.0
5ab2fc48c1cb61378a86bbab,5aaf9e85c1cb611ae59db92b,45640.0
5ab2fc48c1cb61378a86bbab,5ab10cd2c1cb61657456beec,47232.0
5ab2fc48c1cb61378a86bbab,5ab21cd15e27e5186df19653,11775.0
5ab2fc48c1cb61378a86bbab,5ab4c6855e27e56ec5f66e26,56521.0
5ab2fc48c1cb61378a86bbab,5ab8023ac1cb61135502fea2,45806.0
5ab2fc48c1cb61378a86bbab,5c3efc205e27e53fb0c06dab,78303.0
5ab2fc48c1cb61378a86bbab,5adedf3f5e27e51c0e794115,52742.0
5ab2fc48c1cb61378a86bbab,5abde34ac1cb6132bc75d1e8,37435.0
5ab2fc48c1cb61378a86bbab,5adeda845e27e51c0e793fe7,50131.0
5ab2fc48c1cb61378a86bbab,5ad1cf955e27e54ba6c14d7e,24304.0
5aaf9e12c1cb611ae59db91c,5ab3130ac1cb61378a86c42d,61667.0
5aaf9e12c1cb611ae59db91c,5ab991fcc1cb6113550316ca,34908.0
5aaf9e12c1cb611ae59db91c,5ab5850ac1cb617b04d571ce,14076.0
5aaf9e12c1cb611ae59db91c,5ab0ac875e27e527018c5966,33798.0
5aaf9e12c1cb611ae59db91c,5ab122175e27e5186df14e20,2844.0
5aaf9e12c1cb611ae59db91c,5ab4b3e5c1cb617b04d569d6,21886.0
5aaf9e12c1cb611ae59db91c,5ab9488fc1cb61135503128d,22849.0
5aaf9e12c1cb611ae59db91c,5ab245e85e27e5186df19c0a,14326.0
5aaf9e12c1cb611ae59db91c,5ab1d893c1cb61657456e2d7,64357.0
5aaf9e12c1cb611ae59db91c,5ab6be92c1cb6105684ae48e,22455.0
5aaf9e12c1cb611ae59db91c,5ab1dd6fc1cb61657456e363,53547.0
5aaf9e12c1cb611ae59db91c,5ab306ae5e27e565e8463506,32833.0
5aaf9e12c1cb611ae59db91c,5ab2fc48c1cb61378a86bbab,56676.0
5aaf9e12c1cb611ae59db91c,5ae289f05e27e5652dcc9a8b,14342.0
5aaf9e12c1cb611ae59db91c,5ab207925e27e5186df18582,14074.0
5aaf9e12c1cb611ae59db91c,5ab2637a5e27e565e8462e3c,4738.0
5aaf9e12c1cb611ae59db91c,5ab24a485e27e5186df19c82,791.0
5aaf9e12c1cb611ae59db91c,5ab35e96c1cb61378a86dc86,10990.0
5aaf9e12c1cb611ae59db91c,5abab3385e27e54c98ae6373,21644.0
5aaf9e12c1cb611ae59db91c,5ab353c65e27e565e8464e50,49741.0
5aaf9e12c1cb611ae59db91c,5ab3198bc1cb61378a86c5f2,62850.0
5aaf9e12c1cb611ae59db91c,5ab26e89c1cb61378a86b9bf,14923.0
5aaf9e12c1cb611ae59db91c,5ab0f40e5e27e527018c6a4b,11510.0
5aaf9e12c1cb611ae59db91c,5ab89e0dc1cb611355030e24,77561.0
5aaf9e12c1cb611ae59db91c,5aaf9e85c1cb611ae59db92b,15104.0
5aaf9e12c1cb611ae59db91c,5ab10cd2c1cb61657456beec,11468.0
5aaf9e12c1cb611ae59db91c,5ab21cd15e27e5186df19653,48102.0
5aaf9e12c1cb611ae59db91c,5ab4c6855e27e56ec5f66e26,16107.0
5aaf9e12c1cb611ae59db91c,5ab8023ac1cb61135502fea2,23544.0
5aaf9e12c1cb611ae59db91c,5c3efc205e27e53fb0c06dab,41218.0
5aaf9e12c1cb611ae59db91c,5adedf3f5e27e51c0e794115,5828.0
5aaf9e12c1cb611ae59db91c,5abde34ac1cb6132bc75d1e8,50197.0
5aaf9e12c1cb611ae59db91c,5adeda845e27e51c0e793fe7,12014.0
5aaf9e12c1cb611ae59db91c,5ad1cf955e27e54ba6c14d7e,33062.0
5ae289f05e27e5652dcc9a8b,5ab3130ac1cb61378a86c42d,50245.0
5ae289f05e27e5652dcc9a8b,5ab991fcc1cb6113550316ca,24228.0
5ae289f05e27e5652dcc9a8b,5ab5850ac1cb617b04d571ce,21532.0
5ae289f05e27e5652dcc9a8b,5ab0ac875e27e527018c5966,22376.0
5ae289f05e27e5652dcc9a8b,5ab122175e27e5186df14e20,12126.0
5ae289f05e27e5652dcc9a8b,5ab4b3e5c1cb617b04d569d6,26629.0
5ae289f05e27e5652dcc9a8b,5ab9488fc1cb61135503128d,28872.0
5ae289f05e27e5652dcc9a8b,5ab245e85e27e5186df19c0a,16427.0
5ae289f05e27e5652dcc9a8b,5ab1d893c1cb61657456e2d7,52935.0
5ae289f05e27e5652dcc9a8b,5ab6be92c1cb6105684ae48e,27198.0
5ae289f05e27e5652dcc9a8b,5ab1dd6fc1cb61657456e363,42125.0
5ae289f05e27e5652dcc9a8b,5ab306ae5e27e565e8463506,21411.0
5ae289f05e27e5652dcc9a8b,5ab2fc48c1cb61378a86bbab,46415.0
5ae289f05e27e5652dcc9a8b,5aaf9e12c1cb611ae59db91c,14314.0
5ae289f05e27e5652dcc9a8b,5ab207925e27e5186df18582,16175.0
5ae289f05e27e5652dcc9a8b,5ab2637a5e27e565e8462e3c,10946.0
5ae289f05e27e5652dcc9a8b,5ab24a485e27e5186df19c82,14121.0
5ae289f05e27e5652dcc9a8b,5ab35e96c1cb61378a86dc86,14049.0
5ae289f05e27e5652dcc9a8b,5abab3385e27e54c98ae6373,27667.0
5ae289f05e27e5652dcc9a8b,5ab353c65e27e565e8464e50,39955.0
5ae289f05e27e5652dcc9a8b,5ab3198bc1cb61378a86c5f2,51428.0
5ae289f05e27e5652dcc9a8b,5ab26e89c1cb61378a86b9bf,4641.0
5ae289f05e27e5652dcc9a8b,5ab0f40e5e27e527018c6a4b,4837.0
5ae289f05e27e5652dcc9a8b,5ab89e0dc1cb611355030e24,66139.0
5ae289f05e27e5652dcc9a8b,5aaf9e85c1cb611ae59db92b,1538.0
5ae289f05e27e5652dcc9a8b,5ab10cd2c1cb61657456beec,4083.0
5ae289f05e27e5652dcc9a8b,5ab21cd15e27e5186df19653,36680.0
5ae289f05e27e5652dcc9a8b,5ab4c6855e27e56ec5f66e26,23465.0
5ae289f05e27e5652dcc9a8b,5ab8023ac1cb61135502fea2,28287.0
5ae289f05e27e5652dcc9a8b,5c3efc205e27e53fb0c06dab,49660.0
5ae289f05e27e5652dcc9a8b,5adedf3f5e27e51c0e794115,9481.0
5ae289f05e27e5652dcc9a8b,5abde34ac1cb6132bc75d1e8,49422.0
5ae289f05e27e5652dcc9a8b,5adeda845e27e51c0e793fe7,6002.0
5ae289f05e27e5652dcc9a8b,5ad1cf955e27e54ba6c14d7e,23907.0
5ab2637a5e27e565e8462e3c,5ab3130ac1cb61378a86c42d,59061.0
5ab2637a5e27e565e8462e3c,5ab991fcc1cb6113550316ca,32498.0
5ab2637a5e27e565e8462e3c,5ab5850ac1cb617b04d571ce,12520.0
5ab2637a5e27e565e8462e3c,5ab0ac875e27e527018c5966,31192.0
5ab2637a5e27e565e8462e3c,5ab122175e27e5186df14e20,2961.0
5ab2637a5e27e565e8462e3c,5ab4b3e5c1cb617b04d569d6,19810.0
5ab2637a5e27e565e8462e3c,5ab9488fc1cb61135503128d,20773.0
5ab2637a5e27e565e8462e3c,5ab245e85e27e5186df19c0a,11720.0
5ab2637a5e27e565e8462e3c,5ab1d893c1cb61657456e2d7,61612.0
5ab2637a5e27e565e8462e3c,5ab6be92c1cb6105684ae48e,20379.0
5ab2637a5e27e565e8462e3c,5ab1dd6fc1cb61657456e363,50941.0
5ab2637a5e27e565e8462e3c,5ab306ae5e27e565e8463506,30227.0
5ab2637a5e27e565e8462e3c,5ab2fc48c1cb61378a86bbab,54070.0
5ab2637a5e27e565e8462e3c,5aaf9e12c1cb611ae59db91c,4835.0
5ab2637a5e27e565e8462e3c,5ae289f05e27e5652dcc9a8b,11120.0
5ab2637a5e27e565e8462e3c,5ab207925e27e5186df18582,11468.0
5ab2637a5e27e565e8462e3c,5ab24a485e27e5186df19c82,4642.0
5ab2637a5e27e565e8462e3c,5ab35e96c1cb61378a86dc86,8914.0
5ab2637a5e27e565e8462e3c,5abab3385e27e54c98ae6373,19568.0
5ab2637a5e27e565e8462e3c,5ab353c65e27e565e8464e50,45740.0
5ab2637a5e27e565e8462e3c,5ab3198bc1cb61378a86c5f2,60244.0
5ab2637a5e27e565e8462e3c,5ab26e89c1cb61378a86b9bf,12317.0
5ab2637a5e27e565e8462e3c,5ab0f40e5e27e527018c6a4b,8904.0
5ab2637a5e27e565e8462e3c,5ab89e0dc1cb611355030e24,74955.0
5ab2637a5e27e565e8462e3c,5aaf9e85c1cb611ae59db92b,11882.0
5ab2637a5e27e565e8462e3c,5ab10cd2c1cb61657456beec,8862.0
5ab2637a5e27e565e8462e3c,5ab21cd15e27e5186df19653,45496.0
5ab2637a5e27e565e8462e3c,5ab4c6855e27e56ec5f66e26,14551.0
5ab2637a5e27e565e8462e3c,5ab8023ac1cb61135502fea2,21468.0
5ab2637a5e27e565e8462e3c,5c3efc205e27e53fb0c06dab,39662.0
5ab2637a5e27e565e8462e3c,5adedf3f5e27e51c0e794115,3222.0
5ab2637a5e27e565e8462e3c,5abde34ac1cb6132bc75d1e8,48121.0
5ab2637a5e27e565e8462e3c,5adeda845e27e51c0e793fe7,9408.0
5ab2637a5e27e565e8462e3c,5ad1cf955e27e54ba6c14d7e,30456.0
5ab207925e27e5186df18582,5ab3130ac1cb61378a86c42d,49564.0
5ab207925e27e5186df18582,5ab991fcc1cb6113550316ca,21031.0
5ab207925e27e5186df18582,5ab5850ac1cb617b04d571ce,16351.0
5ab207925e27e5186df18582,5ab0ac875e27e527018c5966,21425.0
5ab207925e27e5186df18582,5ab122175e27e5186df14e20,12214.0
5ab207925e27e5186df18582,5ab4b3e5c1cb617b04d569d6,12671.0
5ab207925e27e5186df18582,5ab9488fc1cb61135503128d,14339.0
5ab207925e27e5186df18582,5ab245e85e27e5186df19c0a,2469.0
5ab207925e27e5186df18582,5ab1d893c1cb61657456e2d7,52115.0
5ab207925e27e5186df18582,5ab6be92c1cb6105684ae48e,13240.0
5ab207925e27e5186df18582,5ab1dd6fc1cb61657456e363,41719.0
5ab207925e27e5186df18582,5ab306ae5e27e565e8463506,21324.0
5ab207925e27e5186df18582,5ab2fc48c1cb61378a86bbab,42603.0
5ab207925e27e5186df18582,5aaf9e12c1cb611ae59db91c,14612.0
5ab207925e27e5186df18582,5ae289f05e27e5652dcc9a8b,16470.0
5ab207925e27e5186df18582,5ab2637a5e27e565e8462e3c,11923.0
5ab207925e27e5186df18582,5ab24a485e27e5186df19c82,14455.0
5ab207925e27e5186df18582,5ab35e96c1cb61378a86dc86,7192.0
5ab207925e27e5186df18582,5abab3385e27e54c98ae6373,13122.0
5ab207925e27e5186df18582,5ab353c65e27e565e8464e50,34273.0
5ab207925e27e5186df18582,5ab3198bc1cb61378a86c5f2,51286.0
5ab207925e27e5186df18582,5ab26e89c1cb61378a86b9bf,14277.0
5ab207925e27e5186df18582,5ab0f40e5e27e527018c6a4b,12451.0
5ab207925e27e5186df18582,5ab89e0dc1cb611355030e24,65997.0
5ab207925e27e5186df18582,5aaf9e85c1cb611ae59db92b,16897.0
5ab207925e27e5186df18582,5ab10cd2c1cb61657456beec,13310.0
5ab207925e27e5186df18582,5ab21cd15e27e5186df19653,36274.0
5ab207925e27e5186df18582,5ab4c6855e27e56ec5f66e26,18284.0
5ab207925e27e5186df18582,5ab8023ac1cb61135502fea2,14329.0
5ab207925e27e5186df18582,5c3efc205e27e53fb0c06dab,43520.0
5ab207925e27e5186df18582,5adedf3f5e27e51c0e794115,10562.0
5ab207925e27e5186df18582,5abde34ac1cb6132bc75d1e8,38695.0
5ab207925e27e5186df18582,5adeda845e27e51c0e793fe7,14933.0
5ab207925e27e5186df18582,5ad1cf955e27e54ba6c14d7e,18989.0
5ab24a485e27e5186df19c82,5ab122175e27e5186df14e20,2802.0
5ab24a485e27e5186df19c82,5ab4b3e5c1cb617b04d569d6,21828.0
5ab24a485e27e5186df19c82,5ab9488fc1cb61135503128d,22791.0
5ab24a485e27e5186df19c82,5ab245e85e27e5186df19c0a,14284.0
5ab24a485e27e5186df19c82,5ab1d893c1cb61657456e2d7,64315.0
5ab24a485e27e5186df19c82,5ab6be92c1cb6105684ae48e,22397.0
5ab24a485e27e5186df19c82,5ab1dd6fc1cb61657456e363,53505.0
5ab24a485e27e5186df19c82,5ab306ae5e27e565e8463506,32791.0
5ab24a485e27e5186df19c82,5ab2fc48c1cb61378a86bbab,56634.0
5ab24a485e27e5186df19c82,5aaf9e12c1cb611ae59db91c,651.0
5ab24a485e27e5186df19c82,5ae289f05e27e5652dcc9a8b,14284.0
5ab24a485e27e5186df19c82,5ab207925e27e5186df18582,14032.0
5ab24a485e27e5186df19c82,5ab2637a5e27e565e8462e3c,4680.0
5ab24a485e27e5186df19c82,5ab35e96c1cb61378a86dc86,10932.0
5ab24a485e27e5186df19c82,5abab3385e27e54c98ae6373,21586.0
5ab24a485e27e5186df19c82,5ab353c65e27e565e8464e50,49683.0
5ab24a485e27e5186df19c82,5ab3198bc1cb61378a86c5f2,62808.0
5ab24a485e27e5186df19c82,5ab26e89c1cb61378a86b9bf,14881.0
5ab24a485e27e5186df19c82,5ab0f40e5e27e527018c6a4b,11468.0
5ab24a485e27e5186df19c82,5ab89e0dc1cb611355030e24,77519.0
5ab24a485e27e5186df19c82,5aaf9e85c1cb611ae59db92b,15046.0
5ab24a485e27e5186df19c82,5ab10cd2c1cb61657456beec,11426.0
5ab24a485e27e5186df19c82,5ab21cd15e27e5186df19653,48060.0
5ab24a485e27e5186df19c82,5ab4c6855e27e56ec5f66e26,16049.0
5ab24a485e27e5186df19c82,5ab8023ac1cb61135502fea2,23486.0
5ab24a485e27e5186df19c82,5c3efc205e27e53fb0c06dab,41160.0
5ab24a485e27e5186df19c82,5adedf3f5e27e51c0e794115,5786.0
5ab24a485e27e5186df19c82,5abde34ac1cb6132bc75d1e8,50139.0
5ab24a485e27e5186df19c82,5adeda845e27e51c0e793fe7,11972.0
5ab24a485e27e5186df19c82,5ad1cf955e27e54ba6c14d7e,33020.0
5ab35e96c1cb61378a86dc86,5ab3130ac1cb61378a86c42d,57836.0
5ab35e96c1cb61378a86dc86,5ab991fcc1cb6113550316ca,29303.0
5ab35e96c1cb61378a86dc86,5ab5850ac1cb617b04d571ce,12056.0
5ab35e96c1cb61378a86dc86,5ab0ac875e27e527018c5966,29697.0
5ab35e96c1cb61378a86dc86,5ab122175e27e5186df14e20,9573.0
5ab35e96c1cb61378a86dc86,5ab4b3e5c1cb617b04d569d6,15455.0
5ab35e96c1cb61378a86dc86,5ab9488fc1cb61135503128d,17123.0
5ab35e96c1cb61378a86dc86,5ab245e85e27e5186df19c0a,7170.0
5ab35e96c1cb61378a86dc86,5ab1d893c1cb61657456e2d7,60526.0
5ab35e96c1cb61378a86dc86,5ab6be92c1cb6105684ae48e,16024.0
5ab35e96c1cb61378a86dc86,5ab1dd6fc1cb61657456e363,49991.0
5ab35e96c1cb61378a86dc86,5ab306ae5e27e565e8463506,29131.0
5ab35e96c1cb61378a86dc86,5ab2fc48c1cb61378a86bbab,50875.0
5ab35e96c1cb61378a86dc86,5aaf9e12c1cb611ae59db91c,11108.0
5ab35e96c1cb61378a86dc86,5ae289f05e27e5652dcc9a8b,13882.0
5ab35e96c1cb61378a86dc86,5ab207925e27e5186df18582,8273.0
5ab35e96c1cb61378a86dc86,5ab2637a5e27e565e8462e3c,8876.0
5ab35e96c1cb61378a86dc86,5ab24a485e27e5186df19c82,10915.0
5ab35e96c1cb61378a86dc86,5abab3385e27e54c98ae6373,15906.0
5ab35e96c1cb61378a86dc86,5ab353c65e27e565e8464e50,41023.0
5ab35e96c1cb61378a86dc86,5ab3198bc1cb61378a86c5f2,59558.0
5ab35e96c1cb61378a86dc86,5ab26e89c1cb61378a86b9bf,11689.0
5ab35e96c1cb61378a86dc86,5ab0f40e5e27e527018c6a4b,9863.0
5ab35e96c1cb61378a86dc86,5ab89e0dc1cb611355030e24,74269.0
5ab35e96c1cb61378a86dc86,5aaf9e85c1cb611ae59db92b,14309.0
5ab35e96c1cb61378a86dc86,5ab10cd2c1cb61657456beec,10722.0
5ab35e96c1cb61378a86dc86,5ab21cd15e27e5186df19653,44546.0
5ab35e96c1cb61378a86dc86,5ab4c6855e27e56ec5f66e26,13989.0
5ab35e96c1cb61378a86dc86,5ab8023ac1cb61135502fea2,17113.0
5ab35e96c1cb61378a86dc86,5c3efc205e27e53fb0c06dab,39195.0
5ab35e96c1cb61378a86dc86,5adedf3f5e27e51c0e794115,7921.0
5ab35e96c1cb61378a86dc86,5abde34ac1cb6132bc75d1e8,41479.0
5ab35e96c1cb61378a86dc86,5adeda845e27e51c0e793fe7,12345.0
5ab35e96c1cb61378a86dc86,5ad1cf955e27e54ba6c14d7e,27261.0
5abab3385e27e54c98ae6373,5ab3130ac1cb61378a86c42d,54166.0
5abab3385e27e54c98ae6373,5ab991fcc1cb6113550316ca,25549.0
5abab3385e27e54c98ae6373,5ab5850ac1cb617b04d571ce,9228.0
5abab3385e27e54c98ae6373,5ab0ac875e27e527018c5966,26027.0
5abab3385e27e54c98ae6373,5ab122175e27e5186df14e20,20006.0
5abab3385e27e54c98ae6373,5ab4b3e5c1cb617b04d569d6,2525.0
5abab3385e27e54c98ae6373,5ab9488fc1cb61135503128d,1837.0
5abab3385e27e54c98ae6373,5ab245e85e27e5186df19c0a,10897.0
5abab3385e27e54c98ae6373,5ab1d893c1cb61657456e2d7,56856.0
5abab3385e27e54c98ae6373,5ab6be92c1cb6105684ae48e,1447.0
5abab3385e27e54c98ae6373,5ab1dd6fc1cb61657456e363,46321.0
5abab3385e27e54c98ae6373,5ab306ae5e27e565e8463506,26243.0
5abab3385e27e54c98ae6373,5ab2fc48c1cb61378a86bbab,47121.0
5abab3385e27e54c98ae6373,5aaf9e12c1cb611ae59db91c,21085.0
5abab3385e27e54c98ae6373,5ae289f05e27e5652dcc9a8b,26954.0
5abab3385e27e54c98ae6373,5ab207925e27e5186df18582,12241.0
5abab3385e27e54c98ae6373,5ab2637a5e27e565e8462e3c,18853.0
5abab3385e27e54c98ae6373,5ab24a485e27e5186df19c82,20892.0
5abab3385e27e54c98ae6373,5ab35e96c1cb61378a86dc86,15456.0
5abab3385e27e54c98ae6373,5ab353c65e27e565e8464e50,34524.0
5abab3385e27e54c98ae6373,5ab3198bc1cb61378a86c5f2,55804.0
5abab3385e27e54c98ae6373,5ab26e89c1cb61378a86b9bf,24313.0
5abab3385e27e54c98ae6373,5ab0f40e5e27e527018c6a4b,22487.0
5abab3385e27e54c98ae6373,5ab89e0dc1cb611355030e24,70515.0
5abab3385e27e54c98ae6373,5aaf9e85c1cb611ae59db92b,27403.0
5abab3385e27e54c98ae6373,5ab10cd2c1cb61657456beec,23709.0
5abab3385e27e54c98ae6373,5ab21cd15e27e5186df19653,40876.0
5abab3385e27e54c98ae6373,5ab4c6855e27e56ec5f66e26,9359.0
5abab3385e27e54c98ae6373,5ab8023ac1cb61135502fea2,3303.0
5abab3385e27e54c98ae6373,5c3efc205e27e53fb0c06dab,31568.0
5abab3385e27e54c98ae6373,5adedf3f5e27e51c0e794115,19838.0
5abab3385e27e54c98ae6373,5abde34ac1cb6132bc75d1e8,34972.0
5abab3385e27e54c98ae6373,5adeda845e27e51c0e793fe7,24255.0
5abab3385e27e54c98ae6373,5ad1cf955e27e54ba6c14d7e,23507.0
5ab24a485e27e5186df19c82,5ab3130ac1cb61378a86c42d,61625.0
5ab24a485e27e5186df19c82,5ab991fcc1cb6113550316ca,35062.0
5ab24a485e27e5186df19c82,5ab5850ac1cb617b04d571ce,14018.0
5ab24a485e27e5186df19c82,5ab0ac875e27e527018c5966,33756.0
5ab353c65e27e565e8464e50,5ab3130ac1cb61378a86c42d,34226.0
5ab353c65e27e565e8464e50,5ab991fcc1cb6113550316ca,16111.0
5ab353c65e27e565e8464e50,5ab5850ac1cb617b04d571ce,43659.0
5ab353c65e27e565e8464e50,5ab0ac875e27e527018c5966,19635.0
5ab353c65e27e565e8464e50,5ab122175e27e5186df14e20,47051.0
5ab353c65e27e565e8464e50,5ab4b3e5c1cb617b04d569d6,34856.0
5ab353c65e27e565e8464e50,5ab9488fc1cb61135503128d,34160.0
5ab353c65e27e565e8464e50,5ab245e85e27e5186df19c0a,35783.0
5ab353c65e27e565e8464e50,5ab1d893c1cb61657456e2d7,39492.0
5ab353c65e27e565e8464e50,5ab6be92c1cb6105684ae48e,33130.0
5ab353c65e27e565e8464e50,5ab1dd6fc1cb61657456e363,22394.0
5ab353c65e27e565e8464e50,5ab306ae5e27e565e8463506,20603.0
5ab353c65e27e565e8464e50,5ab2fc48c1cb61378a86bbab,21521.0
5ab353c65e27e565e8464e50,5aaf9e12c1cb611ae59db91c,49174.0
5ab353c65e27e565e8464e50,5ae289f05e27e5652dcc9a8b,39940.0
5ab353c65e27e565e8464e50,5ab207925e27e5186df18582,35922.0
5ab353c65e27e565e8464e50,5ab2637a5e27e565e8462e3c,46760.0
5ab353c65e27e565e8464e50,5ab24a485e27e5186df19c82,48981.0
5ab353c65e27e565e8464e50,5ab35e96c1cb61378a86dc86,40342.0
5ab353c65e27e565e8464e50,5abab3385e27e54c98ae6373,34576.0
5ab353c65e27e565e8464e50,5ab3198bc1cb61378a86c5f2,30972.0
5ab353c65e27e565e8464e50,5ab26e89c1cb61378a86b9bf,36927.0
5ab353c65e27e565e8464e50,5ab0f40e5e27e527018c6a4b,41120.0
5ab353c65e27e565e8464e50,5ab89e0dc1cb611355030e24,39094.0
5ab353c65e27e565e8464e50,5aaf9e85c1cb611ae59db92b,39817.0
5ab353c65e27e565e8464e50,5ab10cd2c1cb61657456beec,40633.0
5ab353c65e27e565e8464e50,5ab21cd15e27e5186df19653,15803.0
5ab353c65e27e565e8464e50,5ab4c6855e27e56ec5f66e26,43802.0
5ab353c65e27e565e8464e50,5ab8023ac1cb61135502fea2,32383.0
5ab353c65e27e565e8464e50,5c3efc205e27e53fb0c06dab,65448.0
5ab353c65e27e565e8464e50,5adedf3f5e27e51c0e794115,45399.0
5ab353c65e27e565e8464e50,5abde34ac1cb6132bc75d1e8,12320.0
5ab353c65e27e565e8464e50,5adeda845e27e51c0e793fe7,43532.0
5ab353c65e27e565e8464e50,5ad1cf955e27e54ba6c14d7e,17305.0
5ab0f40e5e27e527018c6a4b,5ab3130ac1cb61378a86c42d,51304.0
5ab0f40e5e27e527018c6a4b,5ab991fcc1cb6113550316ca,25380.0
5ab0f40e5e27e527018c6a4b,5ab5850ac1cb617b04d571ce,17235.0
5ab0f40e5e27e527018c6a4b,5ab0ac875e27e527018c5966,23435.0
5ab0f40e5e27e527018c6a4b,5ab122175e27e5186df14e20,8997.0
5ab0f40e5e27e527018c6a4b,5ab4b3e5c1cb617b04d569d6,22332.0
5ab0f40e5e27e527018c6a4b,5ab9488fc1cb61135503128d,24450.0
5ab0f40e5e27e527018c6a4b,5ab245e85e27e5186df19c0a,12130.0
5ab0f40e5e27e527018c6a4b,5ab1d893c1cb61657456e2d7,53994.0
5ab0f40e5e27e527018c6a4b,5ab6be92c1cb6105684ae48e,22901.0
5ab0f40e5e27e527018c6a4b,5ab1dd6fc1cb61657456e363,43184.0
5ab0f40e5e27e527018c6a4b,5ab306ae5e27e565e8463506,22470.0
5ab0f40e5e27e527018c6a4b,5ab2fc48c1cb61378a86bbab,47474.0
5ab0f40e5e27e527018c6a4b,5aaf9e12c1cb611ae59db91c,11395.0
5ab0f40e5e27e527018c6a4b,5ae289f05e27e5652dcc9a8b,4885.0
5ab0f40e5e27e527018c6a4b,5ab207925e27e5186df18582,11878.0
5ab0f40e5e27e527018c6a4b,5ab2637a5e27e565e8462e3c,8706.0
5ab0f40e5e27e527018c6a4b,5ab24a485e27e5186df19c82,11238.0
5ab0f40e5e27e527018c6a4b,5ab35e96c1cb61378a86dc86,9752.0
5ab0f40e5e27e527018c6a4b,5abab3385e27e54c98ae6373,22783.0
5ab0f40e5e27e527018c6a4b,5ab353c65e27e565e8464e50,40836.0
5ab0f40e5e27e527018c6a4b,5ab3198bc1cb61378a86c5f2,52487.0
5ab0f40e5e27e527018c6a4b,5ab26e89c1cb61378a86b9bf,4560.0
5ab0f40e5e27e527018c6a4b,5ab89e0dc1cb611355030e24,67198.0
5ab0f40e5e27e527018c6a4b,5aaf9e85c1cb611ae59db92b,5437.0
5ab0f40e5e27e527018c6a4b,5ab10cd2c1cb61657456beec,1725.0
5ab0f40e5e27e527018c6a4b,5ab21cd15e27e5186df19653,37739.0
5ab0f40e5e27e527018c6a4b,5ab4c6855e27e56ec5f66e26,19168.0
5ab0f40e5e27e527018c6a4b,5ab8023ac1cb61135502fea2,23990.0
5ab0f40e5e27e527018c6a4b,5c3efc205e27e53fb0c06dab,44374.0
5ab0f40e5e27e527018c6a4b,5adedf3f5e27e51c0e794115,6614.0
5ab0f40e5e27e527018c6a4b,5abde34ac1cb6132bc75d1e8,48356.0
5ab0f40e5e27e527018c6a4b,5adeda845e27e51c0e793fe7,4193.0
5ab0f40e5e27e527018c6a4b,5ad1cf955e27e54ba6c14d7e,24851.0
5ab3198bc1cb61378a86c5f2,5ab3130ac1cb61378a86c42d,10948.0
5ab3198bc1cb61378a86c5f2,5ab991fcc1cb6113550316ca,31781.0
5ab3198bc1cb61378a86c5f2,5ab5850ac1cb617b04d571ce,63781.0
5ab3198bc1cb61378a86c5f2,5ab0ac875e27e527018c5966,30930.0
5ab3198bc1cb61378a86c5f2,5ab122175e27e5186df14e20,60388.0
5ab3198bc1cb61378a86c5f2,5ab4b3e5c1cb617b04d569d6,54978.0
5ab3198bc1cb61378a86c5f2,5ab9488fc1cb61135503128d,54282.0
5ab3198bc1cb61378a86c5f2,5ab245e85e27e5186df19c0a,53454.0
5ab3198bc1cb61378a86c5f2,5ab1d893c1cb61657456e2d7,18684.0
5ab3198bc1cb61378a86c5f2,5ab6be92c1cb6105684ae48e,53252.0
5ab3198bc1cb61378a86c5f2,5ab1dd6fc1cb61657456e363,10375.0
5ab3198bc1cb61378a86c5f2,5ab306ae5e27e565e8463506,31098.0
5ab3198bc1cb61378a86c5f2,5ab2fc48c1cb61378a86bbab,13820.0
5ab3198bc1cb61378a86c5f2,5aaf9e12c1cb611ae59db91c,62786.0
5ab3198bc1cb61378a86c5f2,5ae289f05e27e5652dcc9a8b,51695.0
5ab3198bc1cb61378a86c5f2,5ab207925e27e5186df18582,52070.0
5ab3198bc1cb61378a86c5f2,5ab2637a5e27e565e8462e3c,60097.0
5ab3198bc1cb61378a86c5f2,5ab24a485e27e5186df19c82,62629.0
5ab3198bc1cb61378a86c5f2,5ab35e96c1cb61378a86dc86,59698.0
5ab3198bc1cb61378a86c5f2,5abab3385e27e54c98ae6373,54698.0
5ab3198bc1cb61378a86c5f2,5ab353c65e27e565e8464e50,30883.0
5ab3198bc1cb61378a86c5f2,5ab26e89c1cb61378a86b9bf,49219.0
5ab3198bc1cb61378a86c5f2,5ab0f40e5e27e527018c6a4b,52967.0
5ab3198bc1cb61378a86c5f2,5ab89e0dc1cb611355030e24,15104.0
5ab3198bc1cb61378a86c5f2,5aaf9e85c1cb611ae59db92b,51147.0
5ab3198bc1cb61378a86c5f2,5ab10cd2c1cb61657456beec,52480.0
5ab3198bc1cb61378a86c5f2,5ab21cd15e27e5186df19653,19121.0
5ab3198bc1cb61378a86c5f2,5ab4c6855e27e56ec5f66e26,63924.0
5ab3198bc1cb61378a86c5f2,5ab8023ac1cb61135502fea2,54248.0
5ab3198bc1cb61378a86c5f2,5c3efc205e27e53fb0c06dab,85570.0
5ab3198bc1cb61378a86c5f2,5adedf3f5e27e51c0e794115,58062.0
5ab3198bc1cb61378a86c5f2,5abde34ac1cb6132bc75d1e8,37543.0
5ab3198bc1cb61378a86c5f2,5adeda845e27e51c0e793fe7,55379.0
5ab3198bc1cb61378a86c5f2,5ad1cf955e27e54ba6c14d7e,33090.0
5ab26e89c1cb61378a86b9bf,5ab3130ac1cb61378a86c42d,47773.0
5ab26e89c1cb61378a86b9bf,5ab991fcc1cb6113550316ca,21236.0
5ab26e89c1cb61378a86b9bf,5ab5850ac1cb617b04d571ce,19028.0
5ab26e89c1cb61378a86b9bf,5ab0ac875e27e527018c5966,19904.0
5ab26e89c1cb61378a86b9bf,5ab122175e27e5186df14e20,12277.0
5ab26e89c1cb61378a86b9bf,5ab4b3e5c1cb617b04d569d6,24125.0
5ab26e89c1cb61378a86b9bf,5ab9488fc1cb61135503128d,26243.0
5ab26e89c1cb61378a86b9bf,5ab245e85e27e5186df19c0a,13923.0
5ab26e89c1cb61378a86b9bf,5ab1d893c1cb61657456e2d7,50463.0
5ab26e89c1cb61378a86b9bf,5ab6be92c1cb6105684ae48e,24694.0
5ab26e89c1cb61378a86b9bf,5ab1dd6fc1cb61657456e363,39653.0
5ab26e89c1cb61378a86b9bf,5ab306ae5e27e565e8463506,18939.0
5ab26e89c1cb61378a86b9bf,5ab2fc48c1cb61378a86bbab,43573.0
5ab26e89c1cb61378a86b9bf,5aaf9e12c1cb611ae59db91c,14675.0
5ab26e89c1cb61378a86b9bf,5ae289f05e27e5652dcc9a8b,4692.0
5ab26e89c1cb61378a86b9bf,5ab207925e27e5186df18582,13671.0
5ab26e89c1cb61378a86b9bf,5ab2637a5e27e565e8462e3c,11986.0
5ab26e89c1cb61378a86b9bf,5ab24a485e27e5186df19c82,14518.0
5ab26e89c1cb61378a86b9bf,5ab35e96c1cb61378a86dc86,11545.0
5ab26e89c1cb61378a86b9bf,5abab3385e27e54c98ae6373,24576.0
5ab26e89c1cb61378a86b9bf,5ab353c65e27e565e8464e50,36692.0
5ab26e89c1cb61378a86b9bf,5ab3198bc1cb61378a86c5f2,48956.0
5ab26e89c1cb61378a86b9bf,5ab0f40e5e27e527018c6a4b,4856.0
5ab26e89c1cb61378a86b9bf,5ab89e0dc1cb611355030e24,63667.0
5ab26e89c1cb61378a86b9bf,5aaf9e85c1cb611ae59db92b,4675.0
5ab26e89c1cb61378a86b9bf,5ab10cd2c1cb61657456beec,4369.0
5ab26e89c1cb61378a86b9bf,5ab21cd15e27e5186df19653,34208.0
5ab26e89c1cb61378a86b9bf,5ab4c6855e27e56ec5f66e26,20961.0
5ab26e89c1cb61378a86b9bf,5ab8023ac1cb61135502fea2,25783.0
5ab26e89c1cb61378a86b9bf,5c3efc205e27e53fb0c06dab,46167.0
5ab26e89c1cb61378a86b9bf,5adedf3f5e27e51c0e794115,9951.0
5ab26e89c1cb61378a86b9bf,5abde34ac1cb6132bc75d1e8,46159.0
5ab26e89c1cb61378a86b9bf,5adeda845e27e51c0e793fe7,7268.0
5ab26e89c1cb61378a86b9bf,5ad1cf955e27e54ba6c14d7e,20707.0
5ab89e0dc1cb611355030e24,5ab3130ac1cb61378a86c42d,25692.0
5ab89e0dc1cb611355030e24,5ab991fcc1cb6113550316ca,46413.0
5ab89e0dc1cb611355030e24,5ab5850ac1cb617b04d571ce,79144.0
5ab89e0dc1cb611355030e24,5ab0ac875e27e527018c5966,45562.0
5ab89e0dc1cb611355030e24,5ab122175e27e5186df14e20,75020.0
5ab89e0dc1cb611355030e24,5ab4b3e5c1cb617b04d569d6,70341.0
5ab89e0dc1cb611355030e24,5ab9488fc1cb61135503128d,69645.0
5ab89e0dc1cb611355030e24,5ab245e85e27e5186df19c0a,68086.0
5ab89e0dc1cb611355030e24,5ab1d893c1cb61657456e2d7,32086.0
5ab89e0dc1cb611355030e24,5ab6be92c1cb6105684ae48e,68615.0
5ab89e0dc1cb611355030e24,5ab1dd6fc1cb61657456e363,25007.0
5ab89e0dc1cb611355030e24,5ab306ae5e27e565e8463506,45730.0
5ab89e0dc1cb611355030e24,5ab2fc48c1cb61378a86bbab,28452.0
5ab89e0dc1cb611355030e24,5aaf9e12c1cb611ae59db91c,77418.0
5ab89e0dc1cb611355030e24,5ae289f05e27e5652dcc9a8b,66327.0
5ab89e0dc1cb611355030e24,5ab207925e27e5186df18582,66702.0
5ab89e0dc1cb611355030e24,5ab2637a5e27e565e8462e3c,74729.0
5ab89e0dc1cb611355030e24,5ab24a485e27e5186df19c82,77261.0
5ab89e0dc1cb611355030e24,5ab35e96c1cb61378a86dc86,74330.0
5ab89e0dc1cb611355030e24,5abab3385e27e54c98ae6373,70061.0
5ab89e0dc1cb611355030e24,5ab353c65e27e565e8464e50,39094.0
5ab89e0dc1cb611355030e24,5ab3198bc1cb61378a86c5f2,14937.0
5ab89e0dc1cb611355030e24,5ab26e89c1cb61378a86b9bf,63851.0
5ab89e0dc1cb611355030e24,5ab0f40e5e27e527018c6a4b,67599.0
5ab89e0dc1cb611355030e24,5aaf9e85c1cb611ae59db92b,65779.0
5ab89e0dc1cb611355030e24,5ab10cd2c1cb61657456beec,67112.0
5ab89e0dc1cb611355030e24,5ab21cd15e27e5186df19653,33753.0
5ab89e0dc1cb611355030e24,5ab4c6855e27e56ec5f66e26,79287.0
5ab89e0dc1cb611355030e24,5ab8023ac1cb61135502fea2,69611.0
5ab89e0dc1cb611355030e24,5c3efc205e27e53fb0c06dab,100933.0
5ab89e0dc1cb611355030e24,5adedf3f5e27e51c0e794115,72694.0
5ab89e0dc1cb611355030e24,5abde34ac1cb6132bc75d1e8,45754.0
5ab89e0dc1cb611355030e24,5adeda845e27e51c0e793fe7,70011.0
5ab89e0dc1cb611355030e24,5ad1cf955e27e54ba6c14d7e,47722.0
5aaf9e85c1cb611ae59db92b,5ab3130ac1cb61378a86c42d,50102.0
5aaf9e85c1cb611ae59db92b,5ab991fcc1cb6113550316ca,24454.0
5aaf9e85c1cb611ae59db92b,5ab5850ac1cb617b04d571ce,22067.0
5aaf9e85c1cb611ae59db92b,5ab0ac875e27e527018c5966,22233.0
5aaf9e85c1cb611ae59db92b,5ab122175e27e5186df14e20,12685.0
5aaf9e85c1cb611ae59db92b,5ab4b3e5c1cb617b04d569d6,27164.0
5aaf9e85c1cb611ae59db92b,5ab9488fc1cb61135503128d,29282.0
5aaf9e85c1cb611ae59db92b,5ab245e85e27e5186df19c0a,16962.0
5aaf9e85c1cb611ae59db92b,5ab1d893c1cb61657456e2d7,52792.0
5aaf9e85c1cb611ae59db92b,5ab6be92c1cb6105684ae48e,27733.0
5aaf9e85c1cb611ae59db92b,5ab1dd6fc1cb61657456e363,41982.0
5aaf9e85c1cb611ae59db92b,5ab306ae5e27e565e8463506,21268.0
5aaf9e85c1cb611ae59db92b,5ab2fc48c1cb61378a86bbab,46272.0
5aaf9e85c1cb611ae59db92b,5aaf9e12c1cb611ae59db91c,15382.0
5aaf9e85c1cb611ae59db92b,5ae289f05e27e5652dcc9a8b,1321.0
5aaf9e85c1cb611ae59db92b,5ab207925e27e5186df18582,16710.0
5aaf9e85c1cb611ae59db92b,5ab2637a5e27e565e8462e3c,12014.0
5aaf9e85c1cb611ae59db92b,5ab24a485e27e5186df19c82,15189.0
5aaf9e85c1cb611ae59db92b,5ab35e96c1cb61378a86dc86,14584.0
5aaf9e85c1cb611ae59db92b,5abab3385e27e54c98ae6373,27615.0
5aaf9e85c1cb611ae59db92b,5ab353c65e27e565e8464e50,39976.0
5aaf9e85c1cb611ae59db92b,5ab3198bc1cb61378a86c5f2,51285.0
5aaf9e85c1cb611ae59db92b,5ab26e89c1cb61378a86b9bf,4823.0
5aaf9e85c1cb611ae59db92b,5ab0f40e5e27e527018c6a4b,5362.0
5aaf9e85c1cb611ae59db92b,5ab89e0dc1cb611355030e24,65996.0
5aaf9e85c1cb611ae59db92b,5ab10cd2c1cb61657456beec,4548.0
5aaf9e85c1cb611ae59db92b,5ab21cd15e27e5186df19653,36537.0
5aaf9e85c1cb611ae59db92b,5ab4c6855e27e56ec5f66e26,24000.0
5aaf9e85c1cb611ae59db92b,5ab8023ac1cb61135502fea2,28822.0
5aaf9e85c1cb611ae59db92b,5c3efc205e27e53fb0c06dab,49206.0
5aaf9e85c1cb611ae59db92b,5adedf3f5e27e51c0e794115,10359.0
5aaf9e85c1cb611ae59db92b,5abde34ac1cb6132bc75d1e8,49443.0
5aaf9e85c1cb611ae59db92b,5adeda845e27e51c0e793fe7,6600.0
5aaf9e85c1cb611ae59db92b,5ad1cf955e27e54ba6c14d7e,23996.0
5ab10cd2c1cb61657456beec,5ab3130ac1cb61378a86c42d,50963.0
5ab10cd2c1cb61657456beec,5ab991fcc1cb6113550316ca,24946.0
5ab10cd2c1cb61657456beec,5ab5850ac1cb617b04d571ce,18205.0
5ab10cd2c1cb61657456beec,5ab0ac875e27e527018c5966,23094.0
5ab10cd2c1cb61657456beec,5ab122175e27e5186df14e20,8759.0
5ab10cd2c1cb61657456beec,5ab4b3e5c1cb617b04d569d6,23302.0
5ab10cd2c1cb61657456beec,5ab9488fc1cb61135503128d,25664.0
5ab10cd2c1cb61657456beec,5ab245e85e27e5186df19c0a,13100.0
5ab10cd2c1cb61657456beec,5ab1d893c1cb61657456e2d7,53653.0
5ab10cd2c1cb61657456beec,5ab6be92c1cb6105684ae48e,23871.0
5ab10cd2c1cb61657456beec,5ab1dd6fc1cb61657456e363,42843.0
5ab10cd2c1cb61657456beec,5ab306ae5e27e565e8463506,22129.0
5ab10cd2c1cb61657456beec,5ab2fc48c1cb61378a86bbab,47133.0
5ab10cd2c1cb61657456beec,5aaf9e12c1cb611ae59db91c,11157.0
5ab10cd2c1cb61657456beec,5ae289f05e27e5652dcc9a8b,3764.0
5ab10cd2c1cb61657456beec,5ab207925e27e5186df18582,12848.0
5ab10cd2c1cb61657456beec,5ab2637a5e27e565e8462e3c,8468.0
5ab10cd2c1cb61657456beec,5ab24a485e27e5186df19c82,11000.0
5ab10cd2c1cb61657456beec,5ab35e96c1cb61378a86dc86,10722.0
5ab10cd2c1cb61657456beec,5abab3385e27e54c98ae6373,24459.0
5ab10cd2c1cb61657456beec,5ab353c65e27e565e8464e50,40491.0
5ab10cd2c1cb61657456beec,5ab3198bc1cb61378a86c5f2,52146.0
5ab10cd2c1cb61657456beec,5ab26e89c1cb61378a86b9bf,4219.0
5ab10cd2c1cb61657456beec,5ab0f40e5e27e527018c6a4b,1417.0
5ab10cd2c1cb61657456beec,5ab89e0dc1cb611355030e24,66857.0
5ab10cd2c1cb61657456beec,5aaf9e85c1cb611ae59db92b,4316.0
5ab10cd2c1cb61657456beec,5ab21cd15e27e5186df19653,37398.0
5ab10cd2c1cb61657456beec,5ab4c6855e27e56ec5f66e26,20138.0
5ab10cd2c1cb61657456beec,5ab8023ac1cb61135502fea2,24960.0
5ab10cd2c1cb61657456beec,5c3efc205e27e53fb0c06dab,45344.0
5ab10cd2c1cb61657456beec,5adedf3f5e27e51c0e794115,6433.0
5ab10cd2c1cb61657456beec,5abde34ac1cb6132bc75d1e8,49326.0
5ab10cd2c1cb61657456beec,5adeda845e27e51c0e793fe7,3750.0
5ab10cd2c1cb61657456beec,5ad1cf955e27e54ba6c14d7e,24506.0
5ab4c6855e27e56ec5f66e26,5ab3130ac1cb61378a86c42d,62968.0
5ab4c6855e27e56ec5f66e26,5ab991fcc1cb6113550316ca,34155.0
5ab4c6855e27e56ec5f66e26,5ab5850ac1cb617b04d571ce,2097.0
5ab4c6855e27e56ec5f66e26,5ab0ac875e27e527018c5966,34829.0
5ab4c6855e27e56ec5f66e26,5ab122175e27e5186df14e20,13819.0
5ab4c6855e27e56ec5f66e26,5ab4b3e5c1cb617b04d569d6,11002.0
5ab4c6855e27e56ec5f66e26,5ab9488fc1cb61135503128d,10080.0
5ab4c6855e27e56ec5f66e26,5ab245e85e27e5186df19c0a,17024.0
5ab4c6855e27e56ec5f66e26,5ab1d893c1cb61657456e2d7,65658.0
5ab4c6855e27e56ec5f66e26,5ab6be92c1cb6105684ae48e,10266.0
5ab4c6855e27e56ec5f66e26,5ab1dd6fc1cb61657456e363,55123.0
5ab4c6855e27e56ec5f66e26,5ab306ae5e27e565e8463506,34932.0
5ab4c6855e27e56ec5f66e26,5ab2fc48c1cb61378a86bbab,55399.0
5ab4c6855e27e56ec5f66e26,5aaf9e12c1cb611ae59db91c,14898.0
5ab4c6855e27e56ec5f66e26,5ae289f05e27e5652dcc9a8b,22068.0
5ab4c6855e27e56ec5f66e26,5ab207925e27e5186df18582,16605.0
5ab4c6855e27e56ec5f66e26,5ab2637a5e27e565e8462e3c,13149.0
5ab4c6855e27e56ec5f66e26,5ab24a485e27e5186df19c82,14705.0
5ab4c6855e27e56ec5f66e26,5ab35e96c1cb61378a86dc86,12705.0
5ab4c6855e27e56ec5f66e26,5abab3385e27e54c98ae6373,8875.0
5ab4c6855e27e56ec5f66e26,5ab353c65e27e565e8464e50,43326.0
5ab4c6855e27e56ec5f66e26,5ab3198bc1cb61378a86c5f2,64082.0
5ab4c6855e27e56ec5f66e26,5ab26e89c1cb61378a86b9bf,19875.0
5ab4c6855e27e56ec5f66e26,5ab0f40e5e27e527018c6a4b,18049.0
5ab4c6855e27e56ec5f66e26,5ab89e0dc1cb611355030e24,78793.0
5ab4c6855e27e56ec5f66e26,5aaf9e85c1cb611ae59db92b,22495.0
5ab4c6855e27e56ec5f66e26,5ab10cd2c1cb61657456beec,18908.0
5ab4c6855e27e56ec5f66e26,5ab21cd15e27e5186df19653,49681.0
5ab4c6855e27e56ec5f66e26,5ab8023ac1cb61135502fea2,11245.0
5ab4c6855e27e56ec5f66e26,5c3efc205e27e53fb0c06dab,28202.0
5ab4c6855e27e56ec5f66e26,5adedf3f5e27e51c0e794115,15123.0
5ab4c6855e27e56ec5f66e26,5abde34ac1cb6132bc75d1e8,43774.0
5ab4c6855e27e56ec5f66e26,5adeda845e27e51c0e793fe7,19206.0
5ab4c6855e27e56ec5f66e26,5ad1cf955e27e54ba6c14d7e,32309.0
5ab21cd15e27e5186df19653,5ab3130ac1cb61378a86c42d,20415.0
5ab21cd15e27e5186df19653,5ab991fcc1cb6113550316ca,17281.0
5ab21cd15e27e5186df19653,5ab5850ac1cb617b04d571ce,50012.0
5ab21cd15e27e5186df19653,5ab0ac875e27e527018c5966,16091.0
5ab21cd15e27e5186df19653,5ab122175e27e5186df14e20,45549.0
5ab21cd15e27e5186df19653,5ab4b3e5c1cb617b04d569d6,41209.0
5ab21cd15e27e5186df19653,5ab9488fc1cb61135503128d,40513.0
5ab21cd15e27e5186df19653,5ab245e85e27e5186df19c0a,38334.0
5ab21cd15e27e5186df19653,5ab1d893c1cb61657456e2d7,23688.0
5ab21cd15e27e5186df19653,5ab6be92c1cb6105684ae48e,39483.0
5ab21cd15e27e5186df19653,5ab1dd6fc1cb61657456e363,9727.0
5ab21cd15e27e5186df19653,5ab306ae5e27e565e8463506,16259.0
5ab21cd15e27e5186df19653,5ab2fc48c1cb61378a86bbab,11775.0
5ab21cd15e27e5186df19653,5aaf9e12c1cb611ae59db91c,47947.0
5ab21cd15e27e5186df19653,5ae289f05e27e5652dcc9a8b,36856.0
5ab21cd15e27e5186df19653,5ab207925e27e5186df18582,36950.0
5ab21cd15e27e5186df19653,5ab2637a5e27e565e8462e3c,45258.0
5ab21cd15e27e5186df19653,5ab24a485e27e5186df19c82,47790.0
5ab21cd15e27e5186df19653,5ab35e96c1cb61378a86dc86,44578.0
5ab21cd15e27e5186df19653,5abab3385e27e54c98ae6373,40929.0
5ab21cd15e27e5186df19653,5ab353c65e27e565e8464e50,15814.0
5ab21cd15e27e5186df19653,5ab3198bc1cb61378a86c5f2,19030.0
5ab21cd15e27e5186df19653,5ab26e89c1cb61378a86b9bf,34380.0
5ab21cd15e27e5186df19653,5ab0f40e5e27e527018c6a4b,38128.0
5ab21cd15e27e5186df19653,5ab89e0dc1cb611355030e24,33741.0
5ab21cd15e27e5186df19653,5aaf9e85c1cb611ae59db92b,36308.0
5ab21cd15e27e5186df19653,5ab10cd2c1cb61657456beec,37641.0
5ab21cd15e27e5186df19653,5ab4c6855e27e56ec5f66e26,50155.0
5ab21cd15e27e5186df19653,5ab8023ac1cb61135502fea2,40479.0
5ab21cd15e27e5186df19653,5c3efc205e27e53fb0c06dab,71801.0
5ab21cd15e27e5186df19653,5adedf3f5e27e51c0e794115,43223.0
5ab21cd15e27e5186df19653,5abde34ac1cb6132bc75d1e8,26325.0
5ab21cd15e27e5186df19653,5adeda845e27e51c0e793fe7,40540.0
5ab21cd15e27e5186df19653,5ad1cf955e27e54ba6c14d7e,18590.0
5ab8023ac1cb61135502fea2,5ab3130ac1cb61378a86c42d,53716.0
5ab8023ac1cb61135502fea2,5ab991fcc1cb6113550316ca,24903.0
5ab8023ac1cb61135502fea2,5ab5850ac1cb617b04d571ce,11560.0
5ab8023ac1cb61135502fea2,5ab0ac875e27e527018c5966,25577.0
5ab8023ac1cb61135502fea2,5ab122175e27e5186df14e20,22350.0
5ab8023ac1cb61135502fea2,5ab4b3e5c1cb617b04d569d6,4171.0
5ab8023ac1cb61135502fea2,5ab9488fc1cb61135503128d,1307.0
5ab8023ac1cb61135502fea2,5ab245e85e27e5186df19c0a,12562.0
5ab8023ac1cb61135502fea2,5ab1d893c1cb61657456e2d7,56406.0
5ab8023ac1cb61135502fea2,5ab6be92c1cb6105684ae48e,1109.0
5ab8023ac1cb61135502fea2,5ab1dd6fc1cb61657456e363,45871.0
5ab8023ac1cb61135502fea2,5ab306ae5e27e565e8463506,25680.0
5ab8023ac1cb61135502fea2,5ab2fc48c1cb61378a86bbab,46147.0
5ab8023ac1cb61135502fea2,5aaf9e12c1cb611ae59db91c,23429.0
5ab8023ac1cb61135502fea2,5ae289f05e27e5652dcc9a8b,28171.0
5ab8023ac1cb61135502fea2,5ab207925e27e5186df18582,13906.0
5ab8023ac1cb61135502fea2,5ab2637a5e27e565e8462e3c,21197.0
5ab8023ac1cb61135502fea2,5ab24a485e27e5186df19c82,23236.0
5ab8023ac1cb61135502fea2,5ab35e96c1cb61378a86dc86,17121.0
5ab8023ac1cb61135502fea2,5abab3385e27e54c98ae6373,2444.0
5ab8023ac1cb61135502fea2,5ab353c65e27e565e8464e50,33006.0
5ab8023ac1cb61135502fea2,5ab3198bc1cb61378a86c5f2,54830.0
5ab8023ac1cb61135502fea2,5ab26e89c1cb61378a86b9bf,25978.0
5ab8023ac1cb61135502fea2,5ab0f40e5e27e527018c6a4b,24152.0
5ab8023ac1cb61135502fea2,5ab89e0dc1cb611355030e24,69541.0
5ab8023ac1cb61135502fea2,5aaf9e85c1cb611ae59db92b,28598.0
5ab8023ac1cb61135502fea2,5ab10cd2c1cb61657456beec,25011.0
5ab8023ac1cb61135502fea2,5ab21cd15e27e5186df19653,40429.0
5ab8023ac1cb61135502fea2,5ab4c6855e27e56ec5f66e26,11703.0
5ab8023ac1cb61135502fea2,5c3efc205e27e53fb0c06dab,32993.0
5ab8023ac1cb61135502fea2,5adedf3f5e27e51c0e794115,22182.0
5ab8023ac1cb61135502fea2,5abde34ac1cb6132bc75d1e8,33521.0
5ab8023ac1cb61135502fea2,5adeda845e27e51c0e793fe7,26599.0
5ab8023ac1cb61135502fea2,5ad1cf955e27e54ba6c14d7e,23057.0
5c3efc205e27e53fb0c06dab,5ab3130ac1cb61378a86c42d,84971.0
5c3efc205e27e53fb0c06dab,5ab991fcc1cb6113550316ca,56158.0
5c3efc205e27e53fb0c06dab,5ab5850ac1cb617b04d571ce,28525.0
5c3efc205e27e53fb0c06dab,5ab0ac875e27e527018c5966,56832.0
5c3efc205e27e53fb0c06dab,5ab122175e27e5186df14e20,40247.0
5c3efc205e27e53fb0c06dab,5ab4b3e5c1cb617b04d569d6,34175.0
5c3efc205e27e53fb0c06dab,5ab9488fc1cb61135503128d,31645.0
5c3efc205e27e53fb0c06dab,5ab245e85e27e5186df19c0a,42276.0
5c3efc205e27e53fb0c06dab,5ab1d893c1cb61657456e2d7,87661.0
5c3efc205e27e53fb0c06dab,5ab6be92c1cb6105684ae48e,32252.0
5c3efc205e27e53fb0c06dab,5ab1dd6fc1cb61657456e363,77126.0
5c3efc205e27e53fb0c06dab,5ab306ae5e27e565e8463506,56935.0
5c3efc205e27e53fb0c06dab,5ab2fc48c1cb61378a86bbab,77402.0
5c3efc205e27e53fb0c06dab,5aaf9e12c1cb611ae59db91c,41326.0
5c3efc205e27e53fb0c06dab,5ae289f05e27e5652dcc9a8b,49470.0
5c3efc205e27e53fb0c06dab,5ab207925e27e5186df18582,43033.0
5c3efc205e27e53fb0c06dab,5ab2637a5e27e565e8462e3c,39577.0
5c3efc205e27e53fb0c06dab,5ab24a485e27e5186df19c82,41133.0
5c3efc205e27e53fb0c06dab,5ab35e96c1cb61378a86dc86,39133.0
5c3efc205e27e53fb0c06dab,5abab3385e27e54c98ae6373,32048.0
5c3efc205e27e53fb0c06dab,5ab353c65e27e565e8464e50,65329.0
5c3efc205e27e53fb0c06dab,5ab3198bc1cb61378a86c5f2,86085.0
5c3efc205e27e53fb0c06dab,5ab26e89c1cb61378a86b9bf,46303.0
5c3efc205e27e53fb0c06dab,5ab0f40e5e27e527018c6a4b,44477.0
5c3efc205e27e53fb0c06dab,5ab89e0dc1cb611355030e24,100796.0
5c3efc205e27e53fb0c06dab,5aaf9e85c1cb611ae59db92b,48923.0
5c3efc205e27e53fb0c06dab,5ab10cd2c1cb61657456beec,46225.0
5c3efc205e27e53fb0c06dab,5ab21cd15e27e5186df19653,71684.0
5c3efc205e27e53fb0c06dab,5ab4c6855e27e56ec5f66e26,28720.0
5c3efc205e27e53fb0c06dab,5ab8023ac1cb61135502fea2,33111.0
5c3efc205e27e53fb0c06dab,5adedf3f5e27e51c0e794115,42354.0
5c3efc205e27e53fb0c06dab,5abde34ac1cb6132bc75d1e8,64499.0
5c3efc205e27e53fb0c06dab,5adeda845e27e51c0e793fe7,46771.0
5c3efc205e27e53fb0c06dab,5ad1cf955e27e54ba6c14d7e,54312.0
5adedf3f5e27e51c0e794115,5ab3130ac1cb61378a86c42d,56701.0
5adedf3f5e27e51c0e794115,5ab991fcc1cb6113550316ca,30962.0
5adedf3f5e27e51c0e794115,5ab5850ac1cb617b04d571ce,13595.0
5adedf3f5e27e51c0e794115,5ab0ac875e27e527018c5966,28832.0
5adedf3f5e27e51c0e794115,5ab122175e27e5186df14e20,3604.0
5adedf3f5e27e51c0e794115,5ab4b3e5c1cb617b04d569d6,20229.0
5adedf3f5e27e51c0e794115,5ab9488fc1cb61135503128d,21279.0
5adedf3f5e27e51c0e794115,5ab245e85e27e5186df19c0a,10380.0
5adedf3f5e27e51c0e794115,5ab1d893c1cb61657456e2d7,59391.0
5adedf3f5e27e51c0e794115,5ab6be92c1cb6105684ae48e,20798.0
5adedf3f5e27e51c0e794115,5ab1dd6fc1cb61657456e363,48581.0
5adedf3f5e27e51c0e794115,5ab306ae5e27e565e8463506,27867.0
5adedf3f5e27e51c0e794115,5ab2fc48c1cb61378a86bbab,52730.0
5adedf3f5e27e51c0e794115,5aaf9e12c1cb611ae59db91c,6002.0
5adedf3f5e27e51c0e794115,5ae289f05e27e5652dcc9a8b,9476.0
5adedf3f5e27e51c0e794115,5ab207925e27e5186df18582,10128.0
5adedf3f5e27e51c0e794115,5ab2637a5e27e565e8462e3c,3313.0
5adedf3f5e27e51c0e794115,5ab24a485e27e5186df19c82,5845.0
5adedf3f5e27e51c0e794115,5ab35e96c1cb61378a86dc86,7937.0
5adedf3f5e27e51c0e794115,5abab3385e27e54c98ae6373,20074.0
5adedf3f5e27e51c0e794115,5ab353c65e27e565e8464e50,44716.0
5adedf3f5e27e51c0e794115,5ab3198bc1cb61378a86c5f2,57884.0
5adedf3f5e27e51c0e794115,5ab26e89c1cb61378a86b9bf,9957.0
5adedf3f5e27e51c0e794115,5ab0f40e5e27e527018c6a4b,6544.0
5adedf3f5e27e51c0e794115,5ab89e0dc1cb611355030e24,72595.0
5adedf3f5e27e51c0e794115,5aaf9e85c1cb611ae59db92b,10238.0
5adedf3f5e27e51c0e794115,5ab10cd2c1cb61657456beec,6502.0
5adedf3f5e27e51c0e794115,5ab21cd15e27e5186df19653,43136.0
5adedf3f5e27e51c0e794115,5ab4c6855e27e56ec5f66e26,15528.0
5adedf3f5e27e51c0e794115,5ab8023ac1cb61135502fea2,21887.0
5adedf3f5e27e51c0e794115,5c3efc205e27e53fb0c06dab,42067.0
5adedf3f5e27e51c0e794115,5abde34ac1cb6132bc75d1e8,46606.0
5adedf3f5e27e51c0e794115,5adeda845e27e51c0e793fe7,7048.0
5adedf3f5e27e51c0e794115,5ad1cf955e27e54ba6c14d7e,29116.0
5abde34ac1cb6132bc75d1e8,5ab3130ac1cb61378a86c42d,48249.0
5abde34ac1cb6132bc75d1e8,5ab991fcc1cb6113550316ca,25578.0
5abde34ac1cb6132bc75d1e8,5ab5850ac1cb617b04d571ce,44111.0
5abde34ac1cb6132bc75d1e8,5ab0ac875e27e527018c5966,29102.0
5abde34ac1cb6132bc75d1e8,5ab122175e27e5186df14e20,48274.0
5abde34ac1cb6132bc75d1e8,5ab4b3e5c1cb617b04d569d6,35308.0
5abde34ac1cb6132bc75d1e8,5ab9488fc1cb61135503128d,34157.0
5abde34ac1cb6132bc75d1e8,5ab245e85e27e5186df19c0a,36921.0
5abde34ac1cb6132bc75d1e8,5ab1d893c1cb61657456e2d7,50003.0
5abde34ac1cb6132bc75d1e8,5ab6be92c1cb6105684ae48e,33582.0
5abde34ac1cb6132bc75d1e8,5ab1dd6fc1cb61657456e363,32905.0
5abde34ac1cb6132bc75d1e8,5ab306ae5e27e565e8463506,30086.0
5abde34ac1cb6132bc75d1e8,5ab2fc48c1cb61378a86bbab,37358.0
5abde34ac1cb6132bc75d1e8,5aaf9e12c1cb611ae59db91c,50312.0
5abde34ac1cb6132bc75d1e8,5ae289f05e27e5652dcc9a8b,49407.0
5abde34ac1cb6132bc75d1e8,5ab207925e27e5186df18582,38265.0
5abde34ac1cb6132bc75d1e8,5ab2637a5e27e565e8462e3c,48080.0
5abde34ac1cb6132bc75d1e8,5ab24a485e27e5186df19c82,50119.0
5abde34ac1cb6132bc75d1e8,5ab35e96c1cb61378a86dc86,41480.0
5abde34ac1cb6132bc75d1e8,5abab3385e27e54c98ae6373,35028.0
5abde34ac1cb6132bc75d1e8,5ab353c65e27e565e8464e50,12320.0
5abde34ac1cb6132bc75d1e8,5ab3198bc1cb61378a86c5f2,37632.0
5abde34ac1cb6132bc75d1e8,5ab26e89c1cb61378a86b9bf,46394.0
5abde34ac1cb6132bc75d1e8,5ab0f40e5e27e527018c6a4b,48511.0
5abde34ac1cb6132bc75d1e8,5ab89e0dc1cb611355030e24,45754.0
5abde34ac1cb6132bc75d1e8,5aaf9e85c1cb611ae59db92b,49284.0
5abde34ac1cb6132bc75d1e8,5ab10cd2c1cb61657456beec,49370.0
5abde34ac1cb6132bc75d1e8,5ab21cd15e27e5186df19653,26314.0
5abde34ac1cb6132bc75d1e8,5ab4c6855e27e56ec5f66e26,44254.0
5abde34ac1cb6132bc75d1e8,5ab8023ac1cb61135502fea2,33521.0
5abde34ac1cb6132bc75d1e8,5c3efc205e27e53fb0c06dab,64522.0
5abde34ac1cb6132bc75d1e8,5adedf3f5e27e51c0e794115,46622.0
5abde34ac1cb6132bc75d1e8,5adeda845e27e51c0e793fe7,50993.0
5abde34ac1cb6132bc75d1e8,5ad1cf955e27e54ba6c14d7e,26772.0
5adeda845e27e51c0e793fe7,5ab3130ac1cb61378a86c42d,53439.0
5adeda845e27e51c0e793fe7,5ab991fcc1cb6113550316ca,27422.0
5adeda845e27e51c0e793fe7,5ab5850ac1cb617b04d571ce,18048.0
5adeda845e27e51c0e793fe7,5ab0ac875e27e527018c5966,25570.0
5adeda845e27e51c0e793fe7,5ab122175e27e5186df14e20,8827.0
5adeda845e27e51c0e793fe7,5ab4b3e5c1cb617b04d569d6,24682.0
5adeda845e27e51c0e793fe7,5ab9488fc1cb61135503128d,25732.0
5adeda845e27e51c0e793fe7,5ab245e85e27e5186df19c0a,14251.0
5adeda845e27e51c0e793fe7,5ab1d893c1cb61657456e2d7,56129.0
5adeda845e27e51c0e793fe7,5ab6be92c1cb6105684ae48e,25251.0
5adeda845e27e51c0e793fe7,5ab1dd6fc1cb61657456e363,45319.0
5adeda845e27e51c0e793fe7,5ab306ae5e27e565e8463506,24605.0
5adeda845e27e51c0e793fe7,5ab2fc48c1cb61378a86bbab,49609.0
5adeda845e27e51c0e793fe7,5aaf9e12c1cb611ae59db91c,11225.0
5adeda845e27e51c0e793fe7,5ae289f05e27e5652dcc9a8b,5339.0
5adeda845e27e51c0e793fe7,5ab207925e27e5186df18582,13999.0
5adeda845e27e51c0e793fe7,5ab2637a5e27e565e8462e3c,8536.0
5adeda845e27e51c0e793fe7,5ab24a485e27e5186df19c82,11068.0
5adeda845e27e51c0e793fe7,5ab35e96c1cb61378a86dc86,11873.0
5adeda845e27e51c0e793fe7,5abab3385e27e54c98ae6373,24527.0
5adeda845e27e51c0e793fe7,5ab353c65e27e565e8464e50,42967.0
5adeda845e27e51c0e793fe7,5ab3198bc1cb61378a86c5f2,54622.0
5adeda845e27e51c0e793fe7,5ab26e89c1cb61378a86b9bf,6695.0
5adeda845e27e51c0e793fe7,5ab0f40e5e27e527018c6a4b,3282.0
5adeda845e27e51c0e793fe7,5ab89e0dc1cb611355030e24,69333.0
5adeda845e27e51c0e793fe7,5aaf9e85c1cb611ae59db92b,5891.0
5adeda845e27e51c0e793fe7,5ab10cd2c1cb61657456beec,3240.0
5adeda845e27e51c0e793fe7,5ab21cd15e27e5186df19653,39874.0
5adeda845e27e51c0e793fe7,5ab4c6855e27e56ec5f66e26,19981.0
5adeda845e27e51c0e793fe7,5ab8023ac1cb61135502fea2,26340.0
5adeda845e27e51c0e793fe7,5c3efc205e27e53fb0c06dab,46520.0
5adeda845e27e51c0e793fe7,5adedf3f5e27e51c0e794115,6501.0
5adeda845e27e51c0e793fe7,5abde34ac1cb6132bc75d1e8,50477.0
5adeda845e27e51c0e793fe7,5ad1cf955e27e54ba6c14d7e,26982.0
5ad1cf955e27e54ba6c14d7e,5ab3130ac1cb61378a86c42d,33068.0
5ad1cf955e27e54ba6c14d7e,5ab991fcc1cb6113550316ca,3370.0
5ad1cf955e27e54ba6c14d7e,5ab5850ac1cb617b04d571ce,33669.0
5ad1cf955e27e54ba6c14d7e,5ab0ac875e27e527018c5966,6799.0
5ad1cf955e27e54ba6c14d7e,5ab122175e27e5186df14e20,31685.0
5ad1cf955e27e54ba6c14d7e,5ab4b3e5c1cb617b04d569d6,24866.0
5ad1cf955e27e54ba6c14d7e,5ab9488fc1cb61135503128d,24170.0
5ad1cf955e27e54ba6c14d7e,5ab245e85e27e5186df19c0a,21940.0
5ad1cf955e27e54ba6c14d7e,5ab1d893c1cb61657456e2d7,35758.0
5ad1cf955e27e54ba6c14d7e,5ab6be92c1cb6105684ae48e,23140.0
5ad1cf955e27e54ba6c14d7e,5ab1dd6fc1cb61657456e363,25600.0
5ad1cf955e27e54ba6c14d7e,5ab306ae5e27e565e8463506,7783.0
5ad1cf955e27e54ba6c14d7e,5ab2fc48c1cb61378a86bbab,24727.0
5ad1cf955e27e54ba6c14d7e,5aaf9e12c1cb611ae59db91c,34424.0
5ad1cf955e27e54ba6c14d7e,5ae289f05e27e5652dcc9a8b,25114.0
5ad1cf955e27e54ba6c14d7e,5ab207925e27e5186df18582,20556.0
5ad1cf955e27e54ba6c14d7e,5ab2637a5e27e565e8462e3c,31394.0
5ad1cf955e27e54ba6c14d7e,5ab24a485e27e5186df19c82,34231.0
5ad1cf955e27e54ba6c14d7e,5ab35e96c1cb61378a86dc86,28184.0
5ad1cf955e27e54ba6c14d7e,5abab3385e27e54c98ae6373,24586.0
5ad1cf955e27e54ba6c14d7e,5ab353c65e27e565e8464e50,17693.0
5ad1cf955e27e54ba6c14d7e,5ab3198bc1cb61378a86c5f2,33410.0
5ad1cf955e27e54ba6c14d7e,5ab26e89c1cb61378a86b9bf,21917.0
5ad1cf955e27e54ba6c14d7e,5ab0f40e5e27e527018c6a4b,26110.0
5ad1cf955e27e54ba6c14d7e,5ab89e0dc1cb611355030e24,48121.0
5ad1cf955e27e54ba6c14d7e,5aaf9e85c1cb611ae59db92b,24940.0
5ad1cf955e27e54ba6c14d7e,5ab10cd2c1cb61657456beec,25623.0
5ad1cf955e27e54ba6c14d7e,5ab21cd15e27e5186df19653,19009.0
5ad1cf955e27e54ba6c14d7e,5ab4c6855e27e56ec5f66e26,33812.0
5ad1cf955e27e54ba6c14d7e,5ab8023ac1cb61135502fea2,24136.0
5ad1cf955e27e54ba6c14d7e,5c3efc205e27e53fb0c06dab,55458.0
5ad1cf955e27e54ba6c14d7e,5adedf3f5e27e51c0e794115,30033.0
5ad1cf955e27e54ba6c14d7e,5abde34ac1cb6132bc75d1e8,27160.0
5ad1cf955e27e54ba6c14d7e,5adeda845e27e51c0e793fe7,28522.0
